label	genotype	id	i	pool	checked	comment
1.2.E1	8283x9471 rep2	ISC_307.2	1	1		
1.5.F6	6074x9421 rep1	ISC_098.1	2	1		
1.7.B5	8240x6036 rep1	ISC_292.1	3	1		
1.11.C3	1257x8334 rep2	ISC_020.2	4		2	
1.3.B6	8237x6194 rep2	ISC_291.2	5	1		
1.13.E5	6030x992 rep2	ISC_070.2	6	1		
1.7.F6	6070x6019 rep1	ISC_093.1	7	1		
1.11.G6	1254x6076 rep2	ISC_018.2	8	2	2	
1.10.H1	9356x6094 rep1	ISC_346.1	9	1		
1.3.B4	6124x6184 rep2	ISC_142.2	10	1		
1.10.H6	6198x6118 rep1	ISC_219.1	11	1		
1.5.F2	1061x6131 rep1	ISC_005.1	12	2	2	
1.4.F5	997x8307 rep1	ISC_426.1	13	1		
1.14.C1	5867x6913 rep2	ISC_048.2	14	1		
1.10.C5	6112x6166 rep1	ISC_132.1	15	1		
1.13.C1	6917x6011 rep2	ISC_269.2	16	2	2	
1.2.G2	6097x1318 rep1	ISC_114.1	17	1		
1.5.G4	9453x6106 rep2	ISC_409.2	18	1		
1.5.A2	9392x6073 rep1	ISC_368.1	19	1		
1.1.G5	1257x8334 rep1	ISC_019.1	20	2	2	
1.7.D3	6913x6149 rep1	ISC_266.1	21	1		
1.1.D2	6109x9343 rep1	ISC_130.1	22	1		
1.7.E1	8386x6241 rep1	ISC_318.1	23	1		
1.11.E4	6071x6145 rep1	ISC_095.1	24	2	2	
1.7.F4	6217x6126 rep2	ISC_234.2	25	1		
1.13.A5	1158x6092 rep2	ISC_016.2	26	1		
1.7.D3	6913x6149 rep1	ISC_266.1	27	1		
1.1.C2	9352x8422 rep2	ISC_343.2	28	2		
1.11.D4	6163x6111 rep1	ISC_183.1	29	1		
1.13.D4	6172x6148 rep2	ISC_194.2	30	1		
1.2.H5	6140x9388 rep1	ISC_167.1	31	1		
1.2.G4	6148x6138 rep2	ISC_174.2	32	2	2	
1.7.B2	6035x9433 rep2	ISC_074.2	33	1		
1.11.E3	6255x6136 rep1	ISC_256.1	34	1		
1.11.D5	6917x6011 rep1	ISC_268.1	35	1		
1.7.H5	6163x6111 rep2	ISC_184.2	36	2	2	
1.1.D4	1002x6244 rep1	ISC_003.1	37	1		
1.9.D5	6166x7519 rep2	ISC_188.2	38	1		
1.10.A4	6126x6172 rep1	ISC_145.1	39	1		
1.3.B5	9399x6097 rep2	ISC_373.2	40	2	2	
1.9.D2	8387x6238 rep2	ISC_321.2	41	1		
1.1.F4	8242x6171 rep1	ISC_296.1	42	1		
1.1.C5	9332x6413 rep1	ISC_336.1	43	1		
1.12.H1	6092x6125 rep2	ISC_111.2	44	2	2	
1.12.E3	9453x6106 rep1	ISC_408.1	45	1		
1.1.F5	1367x8256 rep2	ISC_026.2	46	1		
1.7.D6	6218x6043 rep2	ISC_236.2	47	1		
1.5.H4	8247x6154 rep2	ISC_299.2	48	2	2	
1.1.F1	5856x9452 rep1	ISC_043.1	49	1		
1.4.B6	6036x6203 rep1	ISC_077.1	50	1		
1.13.A2	175x6913 rep1	ISC_033.1	51	1		
1.6.A1	6284x5830 rep2	ISC_263.2	52	2	2	
1.8.D1	6145x8247 rep1	ISC_171.1	53	1		
1.12.C4	8259x6217 rep1	ISC_304.1	54	1		
1.1.B1	9353x6109 rep1	ISC_344.1	55	1		
1.14.A1	6258x1257 rep1	ISC_258.1	56	2	2	
1.12.E4	9452x6114 rep1	ISC_406.1	57	1		
1.3.E5	6017x9392 rep2	ISC_055.2	58	1		
1.12.H6	9391x9353 rep2	ISC_367.2	59	1		
1.5.E4	6020x6030 rep2	ISC_059.2	60	2	2	
1.8.H3	6137x5867 rep1	ISC_163.1	61	1		
1.6.A6	9451x9437 rep1	ISC_404.1	62	1		
1.3.B2	6104x6034 rep2	ISC_122.2	63	1		
1.12.F3	6151x9408 rep1	ISC_179.1	64	2	2	
1.11.D2	9476x991 rep1	ISC_418.1	65	1		
1.4.G6	1585x9427 rep2	ISC_032.2	66	1		
1.7.F5	6086x8222 rep2	ISC_105.2	67	1		
1.2.E4	6216x6258 rep1	ISC_231.1	68	2	2	
1.8.H2	9437x6197 rep1	ISC_400.1	69	1		
1.10.H3	6244x6173 rep1	ISC_252.1	70	1		
1.8.C2	6210x6134 rep1	ISC_229.1	71	1		
1.6.A5	6041x6153 rep2	ISC_084.2	72	2	2	
1.4.C2	6131x6113 rep2	ISC_152.2	73	1		
1.7.A1	6064x9404 rep1	ISC_089.1	74	1		
1.11.A2	9402x6169 rep1	ISC_374.1	75	1		
1.5.A6	6127x6918 rep2	ISC_148.2	76	2	2	
1.12.A2	6149x9395 rep2	ISC_176.2	77	1		
1.8.E2	9057x9382 rep2	ISC_329.2	78	1		
1.4.E6	6192x1062 rep2	ISC_208.2	79	1		
1.8.G1	6150x6218 rep2	ISC_178.2	80	2	2	
1.11.G2	6243x6180 rep2	ISC_251.2	81	1		
1.1.B6	1158x6092 rep1	ISC_015.1	82	1		
1.2.D4	6145x8247 rep2	ISC_172.2	83	1		
1.13.G4	6122x6252 rep2	ISC_140.2	84	2	2	
1.10.C2	9413x8423 rep1	ISC_388.1	85	1		
1.2.E3	9470x6107 rep2	ISC_415.2	86	1		
1.1.H4	6024x1367 rep2	ISC_064.2	87	1		
1.14.E2	6085x9409 rep2	ISC_103.2	88	2	2	
1.11.D1	6918x9323 rep2	ISC_271.2	89	1		
1.9.B1	8334x8231 rep2	ISC_311.2	90	1		
1.9.F2	6043x9453 rep1	ISC_085.1	91	1		
1.9.B4	9388x9057 rep1	ISC_360.1	92	2	2	
1.6.C3	6198x6118 rep2	ISC_220.2	93	1		
1.3.D2	5831x8237 rep2	ISC_040.2	94	1		
1.9.C3	1062x6108 rep2	ISC_008.2	95	1		
1.14.H2	9381x6198 rep1	ISC_354.1	96	2	2	
1.4.H4	1062x6108 rep1	ISC_007.1	97	1		
1.1.A3	1063x1435 rep1	ISC_009.1	98	1		
1.3.G6	9481x9399 rep1	ISC_420.1	99	1		
1.7.C1	6071x6145 rep2	ISC_096.2	100	2	2	
1.11.F5	9407x6040 rep2	ISC_381.2	101	1		
1.3.E4	9343x8259 rep2	ISC_341.2	102			
1.12.H3	8230x6195 rep2	ISC_287.2	103	1		
1.8.E4	9391x5867 rep1	ISC_364.1	104	2	2	
1.4.F2	9323x8369 rep2	ISC_335.2	105	1		
1.12.C6	8258x6115 rep1	ISC_302.1	106	1		
1.6.D5	6070x6019 rep2	ISC_094.2	107	1		
1.6.C4	6039x5835 rep2	ISC_080.2	108	2	2	
1.2.F1	9471x9450 rep1	ISC_416.1	109	1		
1.9.C4	9452x6114 rep2	ISC_407.2	110	1		
1.1.H2	9321x6189 rep2	ISC_333.2	111	1		
1.12.E6	9388x9057 rep2	ISC_361.2	112	2	2	
1.9.A5	9408x9352 rep1	ISC_382.1	113	1		
1.10.D2	6194x1061 rep1	ISC_213.1	114	1		
1.12.G2	6040x6041 rep2	ISC_082.2	115	1		
1.6.A2	1061x6131 rep2	ISC_006.2	116	2	2	
1.3.A1	9404x9390 rep2	ISC_377.2	117	1		
1.1.E4	6069x9470 rep1	ISC_091.1	118	1		
1.1.A5	6025x6046 rep2	ISC_068.2	119			
1.1.E3	9413x8423 rep2	ISC_389.2	120	2	2	
1.3.D6	8247x6154 rep1	ISC_298.1	121	1		
1.5.F1	1137x6237 rep2	ISC_014.2	122	1		
1.2.B5	997x8307 rep2	ISC_427.2	123	1		
1.8.F1	9437x6197 rep2	ISC_401.2	124	2	2	
1.8.C3	992x9332 rep1	ISC_424.1	125	1		
1.4.B1	6043x9453 rep2	ISC_086.2	126			
1.1.C4	7517x6284 rep2	ISC_279.2	127	1		
1.6.G1	9332x6413 rep2	ISC_337.2	128	2	2	
1.7.G3	6138x6122 rep2	ISC_166.2	129	1		
1.6.A4	6099x9394 rep2	ISC_118.2	130	1		
1.11.D6	9434x6177 rep1	ISC_398.1	131	2	2	
1.7.A4	9450x9356 rep1	ISC_402.1	132	2	2	
1.8.B2	9427x8387 rep1	ISC_394.1	133	1		
1.4.D5	6040x6041 rep1	ISC_081.1	134			
1.6.H5	6237x6090 rep1	ISC_242.1	135	1		
1.11.C1	9450x9356 rep2	ISC_403.2	136	2	2	
1.14.B3	6038x6039 rep2	ISC_078.2	137	1		
1.5.A1	6974x6198 rep2	ISC_277.2	138	1		
1.3.E6	9402x6169 rep2	ISC_375.2	139	1		
1.7.B4	6024x1367 rep1	ISC_063.1	140		2	
1.12.D1	6115x1585 rep1	ISC_136.1	141	1		
1.9.F5	6142x7517 rep1	ISC_169.1	142	1		
1.7.D4	6193x6133 rep2	ISC_210.2	143	1		
1.2.G6	1063x1435 rep2	ISC_010.2	144	2	2	
1.6.G6	8351x6150 rep1	ISC_312.1	145	1		
1.12.D4	6180x1317 rep1	ISC_199.1	146			
1.6.E2	8237x6194 rep1	ISC_290.1	147	1		
1.8.A5	8386x6241 rep2	ISC_319.2	148	2	2	
1.5.A3	6046x6191 rep2	ISC_088.2	149	1		
1.13.D2	8259x6217 rep2	ISC_305.2	150	1		
1.1.B4	6258x1257 rep2	ISC_259.2	151	1		
1.7.C4	9416x6086 rep1	ISC_390.1	152	2	2	
1.12.H6	9391x9353 rep2	ISC_367.2	153	1		
1.9.H2	8222x6243 rep2	ISC_283.2	154			
1.12.A3	9405x6100 rep2	ISC_379.2	155	2	2	
1.12.G3	5835x9058 rep1	ISC_041.1	156		2	
1.14.E1	8231x8386 rep2	ISC_289.2	157	1		
1.5.H5	175x6913 rep2	ISC_034.2	158	1		
1.2.F5	6974x6198 rep1	ISC_276.1	159	2	2	
1.9.D3	6134x6013 rep2	ISC_160.2	160	2	2	
1.5.D6	6195x1074 rep2	ISC_216.2	161	1		
1.12.G6	6046x6191 rep1	ISC_087.1	162	1		
1.5.G3	1254x6076 rep1	ISC_017.1	163	2	2	
1.5.B2	9421x8256 rep1	ISC_392.1	164		2	
1.14.C3	9371x6021 rep1	ISC_350.1	165	1		
1.8.G2	6128x9413 rep1	ISC_149.1	166	1		
1.5.F4	6413x8351 rep2	ISC_265.2	167	2	2	
1.2.B1	6090x9416 rep1	ISC_108.1	168	2	2	
1.12.F6	6202x9402 rep2	ISC_224.2	169	1		
1.11.A1	6020x6030 rep1	ISC_058.1	170	1		
1.5.E6	8242x6171 rep2	ISC_297.2	171	2	2	
1.10.B2	1137x1074 rep1	ISC_011.1	172	2	2	
1.5.C2	6241x1552 rep2	ISC_249.2	173	1		
1.1.G6	9412x6024 rep2	ISC_387.2	174	1		
1.3.G1	8230x6195 rep1	ISC_286.1	175	2	2	
1.1.C1	6173x9383 rep1	ISC_195.1	176	2	2	
1.9.F1	1318x6035 rep1	ISC_023.1	177	1		
1.5.C3	6094x9369 rep2	ISC_113.2	178	1		
1.3.C1	6030x992 rep1	ISC_069.1	179	2	2	
1.11.E2	9454x1363 rep1	ISC_410.1	180	2	2	
1.2.G1	6194x1061 rep2	ISC_214.2	181	1		
1.4.B3	8307x9481 rep2	ISC_309.2	182	1		
1.9.G1	6097x1318 rep2	ISC_115.2	183	2	2	
1.12.A1	6154x6221 rep1	ISC_181.1	184	2	2	
1.6.H6	1367x8256 rep1	ISC_025.1	185	1		
1.7.C3	6193x6133 rep1	ISC_209.1	186	1		
1.12.G5	8231x8386 rep1	ISC_288.1	187	2	2	
1.10.C6	6173x9383 rep2	ISC_196.2	188	2	2	
1.7.G2	6240x5831 rep2	ISC_247.2	189	1		
1.12.D6	6034x6231 rep1	ISC_071.1	190			
1.1.H3	8426x6193 rep1	ISC_326.1	191	2	2	
1.7.E5	6136x6064 rep1	ISC_161.1	192	2	2	
1.4.H2	6124x6184 rep1	ISC_141.1	193	1		
1.11.E6	6169x8230 rep1	ISC_189.1	194	1		
1.12.E5	9404x9390 rep1	ISC_376.1	195	2	2	
1.7.A5	6023x9380 rep1	ISC_062.1	196	2	2	
1.3.H5	5829x9336 rep1	ISC_035.1	197	1		
1.9.B2	6094x9369 rep1	ISC_112.1	198	1		
1.8.B1	6413x8351 rep1	ISC_264.1	199	2	2	
1.12.B1	6172x6148 rep1	ISC_193.1	200	2	2	
1.6.H2	8241x1137 rep1	ISC_294.1	201	1		
1.2.C3	6201x9399 rep2	ISC_222.2	202			
1.9.E2	6148x6138 rep1	ISC_173.1	203	2	2	
1.1.D1	6021x9407 rep2	ISC_061.2	204	2	2	
1.11.H2	9470x6107 rep1	ISC_414.1	205	1		
1.12.B4	6189x6220 rep1	ISC_203.1	206	1		
1.4.C1	6074x9421 rep2	ISC_099.2	207	2	2	
1.5.G1	6086x8222 rep1	ISC_104.1	208	2	2	
1.5.B4	6106x6071 rep1	ISC_125.1	209	1		
1.9.E6	9057x9382 rep1	ISC_328.1	210	1		
1.5.G6	6114x9381 rep1	ISC_134.1	211	2	2	
1.6.B6	6284x5830 rep1	ISC_262.1	212	2	2	
1.3.F1	8258x6115 rep2	ISC_303.2	213	1		
1.8.G5	6134x6013 rep1	ISC_159.1	214			
1.8.D5	8423x8240 rep1	ISC_324.1	215	2	2	
1.14.F3	6189x6220 rep2	ISC_204.2	216	2	2	
1.5.G2	6012x997 rep1	ISC_050.1	217	1		
1.3.E2	9380x1063 rep1	ISC_352.1	218	1		
1.7.H1	6193x9394 rep2	ISC_212.2	219	2	2	
1.4.B5	9399x6097 rep1	ISC_372.1	220	2	2	
1.8.E1	6013x8241 rep1	ISC_052.1	221	1		
1.10.G2	6011x6017 rep2	ISC_049.2	222	1		
1.11.F3	6137x5867 rep2	ISC_164.2	223	2	2	
1.4.A2	6913x6149 rep2	ISC_267.2	224			
1.8.A4	6105x5829 rep1	ISC_123.1	225	1		
1.1.C6	6177x6023 rep2	ISC_198.2	226	1		
1.8.A6	9391x5867 rep2	ISC_365.2	227	2	2	
1.11.F6	6090x9416 rep2	ISC_109.2	228	2	2	
1.2.C5	5831x8237 rep1	ISC_039.1	229	1		
1.9.G5	6218x6043 rep1	ISC_235.1	230	1		
1.6.F1	6241x1552 rep1	ISC_248.1	231	2	2	
1.7.H3	9058x6112 rep1	ISC_330.1	232			
1.8.D4	6231x6039 rep1	ISC_240.1	233	1		
1.6.D2	6191x6965 rep1	ISC_205.1	234	1		
1.3.G2	9386x6171 rep2	ISC_359.2	235	2	2	
1.11.G4	9405x6100 rep1	ISC_378.1	236	2	2	
1.2.A2	6136x6064 rep2	ISC_162.2	237	1		
1.11.C6	6085x9409 rep1	ISC_102.1	238	1		
1.12.D3	6125x6099 rep1	ISC_143.1	239	2	2	
1.4.C3	9391x9353 rep1	ISC_366.1	240	2	2	
1.6.E6	6252x6202 rep2	ISC_255.2	241	1		
1.1.B3	9369x9434 rep1	ISC_349.1	242	1		
1.8.G6	6149x9395 rep1	ISC_175.1	243	2	2	
1.9.C6	6012x997 rep2	ISC_051.2	244	2	2	
1.4.E3	1318x6035 rep2	ISC_024.2	245	1		
1.13.B3	8222x6243 rep1	ISC_282.1	246	1		
1.3.E3	8256x8376 rep1	ISC_300.1	247	2	2	
1.7.F3	5865x8426 rep1	ISC_045.1	248	2	2	
1.1.F2	6107x6128 rep2	ISC_128.2	249	1		
1.7.A6	6013x8241 rep2	ISC_053.2	250	1		
1.10.A5	5867x6913 rep1	ISC_047.1	251	2	2	
1.3.A5	9390x8283 rep2	ISC_363.2	252	2	2	
1.2.D2	6197x6127 rep1	ISC_217.1	253	1		
1.7.C2	9412x6024 rep1	ISC_386.1	254			
1.14.D3	6220x9339 rep1	ISC_237.1	255	2	2	
1.11.B6	9353x6109 rep2	ISC_345.2	256	2	2	
1.2.E6	6035x9433 rep1	ISC_073.1	257	1		
1.6.B1	6231x6039 rep2	ISC_241.2	258			
1.10.F6	6073x9476 rep2	ISC_097.2	259	2	2	
1.8.E5	9390x8283 rep1	ISC_362.1	260	2	2	
1.2.F6	9434x6177 rep2	ISC_399.2	261	1		
1.14.F1	6202x9402 rep1	ISC_223.1	262	1		
1.5.D2	8423x8240 rep2	ISC_325.2	263	2	2	
1.11.B4	9380x1063 rep2	ISC_353.2	264	2	2	
1.14.B1	8422x6209 rep2	ISC_323.2	265	1		
1.5.C1	6244x6173 rep2	ISC_253.2	266	1		
1.2.B4	6088x9386 rep1	ISC_106.1	267	2	2	
1.3.C3	1002x6244 rep2	ISC_004.2	268	2	2	
1.6.F6	8351x6150 rep2	ISC_313.2	269	2	2	
1.14.C2	9407x6040 rep1	ISC_380.1	270	2	2	
1.13.E2	6203x9321 rep2	ISC_226.2	271	2	2	
1.12.A5	6021x9407 rep1	ISC_060.1	272	2	2	
1.6.G2	6974x6102 rep1	ISC_274.1	273	2	2	
1.7.C5	9336x6220 rep2	ISC_339.2	274	2	2	
1.11.G5	6133x6020 rep2	ISC_156.2	275	2	2	
1.7.B3	8334x8231 rep1	ISC_310.1	276	2	2	
1.6.C1	6184x6025 rep1	ISC_201.1	277	2	2	
1.8.F5	6100x6069 rep1	ISC_119.1	278	2	2	
1.1.H6	6039x5835 rep1	ISC_079.1	279	2	2	
1.10.F3	6217x6126 rep1	ISC_233.1	280	2	2	
1.10.A2	6041x6153 rep1	ISC_083.1	281	2	2	
1.9.G6	6238x6105 rep1	ISC_244.1	282	2	2	
1.9.H6	6154x6221 rep2	ISC_182.2	283	2	2	
1.6.B3	6109x9343 rep2	ISC_131.2	284	2	2	
1.13.G5	6243x6180 rep1	ISC_250.1	285	2	2	
1.6.D3	8376x6201 rep2	ISC_317.2	286	2	2	
1.6.F4	9421x8256 rep2	ISC_393.2	287	2	2	
1.9.G3	8241x1137 rep2	ISC_295.2	288	2	2	
1.2.C1	6106x6071 rep2	ISC_126.2	289	2	2	
1.2.D1	6192x1062 rep1	ISC_207.1	290	2	2	
1.10.C3	5835x9058 rep2	ISC_042.2	291	2	2	
1.10.E1	6105x5829 rep2	ISC_124.2	292	2	2	
1.7.G6	8283x9471 rep1	ISC_306.1	293	2	2	
1.1.C3	6064x9404 rep2	ISC_090.2	294	2	2	
1.1.G3	6138x6122 rep1	ISC_165.1	295	2	2	
1.7.G1	9476x991 rep2	ISC_419.2	296	2	2	
1.12.C2	6184x6025 rep2	ISC_202.2	297	2	2	
1.6.D6	6100x6069 rep2	ISC_120.2	298	2	2	
1.14.F2	9343x8259 rep1	ISC_340.1	299	2	2	
1.2.B3	9455x9371 rep2	ISC_413.2	300	2	2	
1.7.A3	9481x9399 rep2	ISC_421.2	301	2	2	
1.1.A6	9323x8369 rep1	ISC_334.1	302	2	2	
1.6.G5	991x6210 rep2	ISC_423.2	303	2	2	
1.12.F2	8369x6132 rep1	ISC_314.1	304	2	2	
1.11.A6	7517x6284 rep1	ISC_278.1	305	2	2	
1.5.C4	6108x6192 rep2	ISC_129.2	306	2	2	
1.9.G4	1002x6038 rep1	ISC_001.1	307	2	2	
1.4.A3	6163x9405 rep1	ISC_185.1	308		2	
1.7.D1	6974x6102 rep2	ISC_275.2	309	2	2	
1.3.H4	1435x6240 rep1	ISC_027.1	310	2	2	
1.11.A4	6104x6034 rep1	ISC_121.1	311	2	2	
1.10.D4	9382x6035 rep2	ISC_357.2	312	2	2	
1.2.C2	6034x6231 rep2	ISC_072.2	313	2	2	
1.6.B4	1552x1158 rep1	ISC_029.1	314	2	2	
1.2.D3	1317x6276 rep1	ISC_021.1	315	2	2	
1.5.H6	6151x9408 rep2	ISC_180.2	316	2	2	
1.8.F2	6112x6166 rep2	ISC_133.2	317	2	2	
1.5.C6	6098x9451 rep1	ISC_116.1	318	2	2	Spilled most of these.
1.13.F2	9455x9371 rep1	ISC_412.1	319	2	2	
1.8.B6	9336x6220 rep1	ISC_338.1	320	2	2	
1.6.A3	6019x6012 rep1	ISC_056.1	321	2	2	
1.4.E2	1137x1074 rep2	ISC_012.2	322	2	2	
1.11.B5	8227x6216 rep1	ISC_284.1	323	2	2	
1.10.E3	7519x6111 rep2	ISC_281.2	324	2	2	
1.2.A3	6193x9394 rep1	ISC_211.1	325	2	2	
1.13.D6	6069x9470 rep2	ISC_092.2	326	2	2	
1.10.E2	9356x6094 rep2	ISC_347.2	327	2	2	
1.10.D6	6133x6020 rep1	ISC_155.1	328	2	2	
1.3.A6	6126x6172 rep2	ISC_146.2	329	2	2	
1.10.E5	6180x1317 rep2	ISC_200.2	330	2	2	
1.3.D1	5856x9452 rep2	ISC_044.2	331	2	2	
1.9.D1	9451x9437 rep2	ISC_405.2	332	2	2	
1.3.G3	6191x6965 rep2	ISC_206.2	333	2	2	
1.3.C6	9408x9352 rep2	ISC_383.2	334	3	3	
1.3.H1	8240x6036 rep2	ISC_293.2	335	3	3	
1.6.F3	991x6210 rep1	ISC_422.1	336	3	3	
1.12.C5	6024x6124 rep1	ISC_065.1	337	3	3	
1.2.A1	8307x9481 rep1	ISC_308.1	338	3	3	
1.9.G2	6171x6074 rep1	ISC_191.1	339	3	3	
1.4.F1	6197x6127 rep2	ISC_218.2	340	3	3	
1.5.B3	8256x8376 rep2	ISC_301.2	341	3	3	
1.10.A1	5829x9336 rep2	ISC_036.2	342	3	3	
1.3.C5	6115x1585 rep2	ISC_137.2	343	3	3	
1.1.G4	1435x6240 rep2	ISC_028.2	344	3	3	
1.9.C2	7519x6111 rep1	ISC_280.1	345	3	3	
1.5.E1	6965x9412 rep2	ISC_273.2	346	3	3	
1.8.C6	9416x6086 rep2	ISC_391.2	347	3	3	
1.12.H4	6142x7517 rep2	ISC_170.2	348	3	3	
1.5.C5	6210x6134 rep2	ISC_230.2	349	3	3	
1.8.A3	9409x6104 rep1	ISC_384.1	350	3	3	
1.3.A4	5830x6085 rep2	ISC_038.2	351	3	3	
1.1.A4	6252x6202 rep1	ISC_254.1	352	3	3	
1.8.D3	6177x6023 rep1	ISC_197.1	353	3	3	
1.13.B6	6201x9399 rep1	ISC_221.1	354	3	3	
1.11.C5	6169x8230 rep2	ISC_190.2	355	3	3	
1.13.A6	6203x9321 rep1	ISC_225.1	356	3	3	
1.2.B2	9409x6104 rep2	ISC_385.2	357	3	3	
1.6.C2	5865x8426 rep2	ISC_046.2	358	3	3	
1.8.H4	6127x6918 rep1	ISC_147.1	359	3	3	
1.9.A3	8426x6193 rep2	ISC_327.2	360	3	3	
1.6.D1	6195x1074 rep1	ISC_215.1	361	3	3	
1.8.F6	8369x6132 rep2	ISC_315.2	362	3	3	
1.10.H5	6076x1254 rep2	ISC_101.2	363		3	
1.12.G1	6163x9405 rep2	ISC_186.2	364	3	3	
1.7.F2	6036x1318 rep1	ISC_075.1	365	3	3	
1.8.E3	9433x6030 rep2	ISC_397.2	366	3	3	
1.5.B1	6114x9381 rep2	ISC_135.2	367	3	3	
1.9.E3	6276x9363 rep1	ISC_260.1	368	3	3	
1.2.A6	992x9332 rep2	ISC_425.2	369	3	3	
1.1.F3	9352x8422 rep1	ISC_342.1	370	3	3	
1.10.D3	8422x6209 rep1	ISC_322.1	371	3	3	
1.3.A3	6918x9323 rep1	ISC_270.1	372	3	3	
1.12.G4	5830x6085 rep1	ISC_037.1	373	3	3	
1.9.B6	6019x6012 rep2	ISC_057.2	374	3	3	
1.13.H3	6255x6136 rep2	ISC_257.2	375	3	3	
1.5.G5	6150x6218 rep1	ISC_177.1	376	3	3	
1.13.H2	9382x6035 rep1	ISC_356.1	377	3	3	
1.11.C2	6098x9451 rep2	ISC_117.2	378	3	3	
1.10.A6	6076x1254 rep1	ISC_100.1	379	3	3	
1.1.A2	6965x9412 rep1	ISC_272.1	380	3	3	
1.4.H5	6036x1318 rep2	ISC_076.2	381	3	3	
1.13.F3	9363x6070 rep1	ISC_348.1	382	3	3	
1.5.E3	9058x6112 rep2	ISC_331.2	383	3	3	
1.2.A4	6024x6124 rep2	ISC_066.2	384	3	3	
1.4.C5	9371x6021 rep2	ISC_351.2	385	3	3	
1.10.G5	6128x9413 rep2	ISC_150.2	386	3	3	
1.5.D5	1137x6237 rep1	ISC_013.1	387	3	3	
1.7.B1	9395x9454 rep1	ISC_370.1	388	3	3	
1.10.D5	1552x1158 rep2	ISC_030.2	389	3	3	
1.3.B1	6238x6105 rep2	ISC_245.2	390	3	3	
1.8.B4	9381x6198 rep2	ISC_355.2	391	3	3	
1.12.B5	9471x9450 rep2	ISC_417.2	392	3	3	
1.13.E3	6092x6125 rep1	ISC_110.1	393	3	3	
1.13.C6	6166x7519 rep1	ISC_187.1	394	3	3	
1.10.B6	6132x6255 rep1	ISC_153.1	395	3	3	
1.2.H3	6209x6151 rep2	ISC_228.2	396	3	3	
1.9.C5	9427x8387 rep2	ISC_395.2	397	3	3	
1.8.H6	8387x6238 rep1	ISC_320.1	398	3	3	
1.4.H3	6237x6090 rep2	ISC_243.2	399	3	3	
1.12.C1	6132x6255 rep2	ISC_154.2	400	3	3	
1.12.F1	6118x8227 rep1	ISC_138.1	401	3	3	
1.9.E4	9321x6189 rep1	ISC_332.1	402	3	3	
1.10.F4	6118x8227 rep2	ISC_139.2	403	3	3	
2.16.F3	6166x7519 rep2	ISC_188.2	404	3	3	
2.22.H5	6133x6020 rep2	ISC_156.2	405	3	3	
2.20.B5	1158x6092 rep1	ISC_015.1	406	3	3	
2.22.E6	1585x9427 rep1	ISC_031.1	407	3	3	
2.25.D3	1061x6131 rep2	ISC_006.2	408	3	3	
2.16.F6	6180x1317 rep1	ISC_199.1	409	4		
2.19.E6	6244x6173 rep2	ISC_253.2	410	3	3	
2.23.D1	9371x6021 rep1	ISC_350.1	411	3	3	
2.21.C5	1158x6092 rep2	ISC_016.2	412	3	3	
2.21.C2	9409x6104 rep1	ISC_384.1	413	3	3	
2.16.G2	6150x6218 rep1	ISC_177.1	414		3	
2.19.A4	6918x9323 rep2	ISC_271.2	415	3	3	
2.16.B5	6097x1318 rep1	ISC_114.1	416	4		
2.25.E2	9356x6094 rep2	ISC_347.2	417	3	3	
2.17.E1	9399x6097 rep1	ISC_372.1	418	3	3	
2.23.H4	6085x9409 rep2	ISC_103.2	419	3	3	
2.24.E3	9336x6220 rep2	ISC_339.2	420	3	3	
2.18.A2	6024x6124 rep1	ISC_065.1	421	3	3	
2.19.E3	9391x9353 rep1	ISC_366.1	422	3	3	
2.27.A5	6284x5830 rep1	ISC_262.1	423	3	3	
2.20.B1	6013x8241 rep2	ISC_053.2	424	3	3	
2.17.A3	6189x6220 rep2	ISC_204.2	425	4		
2.18.F6	8307x9481 rep2	ISC_309.2	426	3	3	
2.27.F4	1062x6108 rep2	ISC_008.2	427	3	3	
2.21.C1	9353x6109 rep2	ISC_345.2	428	3	3	
2.26.D3	6071x6145 rep2	ISC_096.2	429	3	3	
2.16.E2	5867x6913 rep1	ISC_047.1	430	3	3	
2.25.F4	9399x6097 rep2	ISC_373.2	431	3	3	
2.23.B2	6136x6064 rep2	ISC_162.2	432	3	3	
2.22.C4	6140x9388 rep1	ISC_167.1	433	3	3	
2.21.E5	6074x9421 rep2	ISC_099.2	434	3	3	
2.20.F6	6128x9413 rep2	ISC_150.2	435	3	3	
2.15.A2	991x6210 rep2	ISC_423.2	436	3	3	
2.18.F4	9413x8423 rep2	ISC_389.2	437	3	3	
2.23.A6	6217x6126 rep1	ISC_233.1	438	3	3	
2.19.F4	6035x9433 rep2	ISC_074.2	439	4		
2.27.C2	6203x9321 rep2	ISC_226.2	440	3	3	
2.18.E4	6238x6105 rep2	ISC_245.2	441	3	3	
2.26.D2	8369x6132 rep1	ISC_314.1	442	3	3	
2.26.A3	9381x6198 rep2	ISC_355.2	443	3	3	
2.23.F1	6193x9394 rep2	ISC_212.2	444	3	3	
2.20.F5	6974x6102 rep1	ISC_274.1	445	3	3	
2.18.F1	6138x6122 rep2	ISC_166.2	446	4		
2.27.H4	6180x1317 rep2	ISC_200.2	447	3	3	
2.16.D4	6105x5829 rep2	ISC_124.2	448	3	3	
2.26.C5	6092x6125 rep2	ISC_111.2	449	3	3	
2.26.H5	6046x6191 rep1	ISC_087.1	450	3	3	
2.26.C4	6114x9381 rep1	ISC_134.1	451	3	3	
2.18.B6	6192x1062 rep2	ISC_208.2	452	3	3	
2.18.E2	6913x6149 rep2	ISC_267.2	453	3	3	
2.17.A2	6024x6124 rep2	ISC_066.2	454	3	3	
2.22.F3	6094x9369 rep1	ISC_112.1	455	3	3	
2.26.A1	8258x6115 rep1	ISC_302.1	456			
2.21.A2	5856x9452 rep1	ISC_043.1	457	3	3	
2.27.E5	9388x9057 rep2	ISC_361.2	458	3	3	
2.16.C3	1585x9427 rep2	ISC_032.2	459	3	3	
2.21.H6	6145x8247 rep2	ISC_172.2	460	3	3	
2.27.E3	6099x9394 rep2	ISC_118.2	461	4		
2.27.C4	6194x1061 rep1	ISC_213.1	462	3	3	
2.20.D1	8259x6217 rep1	ISC_304.1	463	3	3	
2.26.E1	1002x6038 rep1	ISC_001.1	464	3	3	
2.17.C4	8231x8386 rep2	ISC_289.2	465	3	3	
2.23.F4	9413x8423 rep1	ISC_388.1	466	3	3	
2.17.E3	8230x6195 rep1	ISC_286.1	467	3	3	
2.25.A2	6137x5867 rep1	ISC_163.1	468	4		
2.15.E2	6413x8351 rep1	ISC_264.1	469	3	3	
2.19.D4	1435x6240 rep1	ISC_027.1	470	3	3	
2.19.G1	6974x6198 rep2	ISC_277.2	471	3	3	
2.23.E6	9427x8387 rep1	ISC_394.1	472	3		
2.24.E6	9392x6073 rep1	ISC_368.1	473	3		
2.19.H3	6041x6153 rep1	ISC_083.1	474	3		
2.16.H1	6070x6019 rep2	ISC_094.2	475	3		
2.17.B3	6974x6102 rep2	ISC_275.2	476	3		
2.19.B6	1318x6035 rep1	ISC_023.1	477	3		
2.24.A2	6172x6148 rep1	ISC_193.1	478	3		
2.27.F3	5830x6085 rep1	ISC_037.1	479	3		
2.19.C5	8227x6216 rep1	ISC_284.1	480	3		
2.22.D1	6202x9402 rep2	ISC_224.2	481	3		
2.27.C1	6132x6255 rep1	ISC_153.1	482	3		
2.16.E1	6173x9383 rep1	ISC_195.1	483	3		
2.28.E3	8387x6238 rep2	ISC_321.2	484	3		
2.19.G2	6142x7517 rep1	ISC_169.1	485	3		
2.20.F2	1137x1074 rep2	ISC_012.2	486	3		
2.16.A2	5856x9452 rep2	ISC_044.2	487	3		
2.25.D2	6025x6046 rep2	ISC_068.2	488	3		
2.26.A1	8258x6115 rep1	ISC_302.1	489	3		
2.21.C4	9412x6024 rep2	ISC_387.2	490	3		
2.15.D5	6413x8351 rep2	ISC_265.2	491	3		
2.15.A5	6126x6172 rep1	ISC_145.1	492	3		
2.22.E4	6021x9407 rep2	ISC_061.2	493	3		
2.18.F2	997x8307 rep2	ISC_427.2	494	3		
2.22.G5	8242x6171 rep1	ISC_296.1	495	3		
2.24.G4	8423x8240 rep2	ISC_325.2	496	3		
2.15.G5	6913x6149 rep1	ISC_266.1	497	3		
2.24.F1	6128x9413 rep1	ISC_149.1	498	3		
2.21.A1	9450x9356 rep1	ISC_402.1	499	3		
2.25.G3	8283x9471 rep2	ISC_307.2	500	3		
2.24.C4	6148x6138 rep1	ISC_173.1	501	3		
2.27.C6	9321x6189 rep2	ISC_333.2	502	3		
2.20.E1	8426x6193 rep1	ISC_326.1	503	3		
2.24.A1	9470x6107 rep2	ISC_415.2	504	4		
2.15.F2	6069x9470 rep2	ISC_092.2	505	4		
2.23.E2	6134x6013 rep2	ISC_160.2	506	4		
2.27.H3	9343x8259 rep2	ISC_341.2	507	4		
2.25.A5	8334x8231 rep2	ISC_311.2	508	4		
2.19.D2	8387x6238 rep1	ISC_320.1	509	4		
2.19.C3	6252x6202 rep1	ISC_254.1	510	4		
2.24.G1	8369x6132 rep2	ISC_315.2	511	4		
2.23.D3	8222x6243 rep2	ISC_283.2	512	4		
2.22.C6	9452x6114 rep2	ISC_407.2	513	4		
2.19.B5	9405x6100 rep2	ISC_379.2	514	4		
2.23.E1	9434x6177 rep2	ISC_399.2	515	4		
2.16.E6	175x6913 rep1	ISC_033.1	516	4		
2.25.H5	6040x6041 rep1	ISC_081.1	517	4		
2.15.E6	6241x1552 rep2	ISC_249.2	518	4		
2.18.C6	997x8307 rep1	ISC_426.1	519	4		
2.20.D4	5830x6085 rep2	ISC_038.2	520	4		
2.20.A6	6150x6218 rep2	ISC_178.2	521	4		
2.15.F4	9390x8283 rep2	ISC_363.2	522	4		
2.27.B3	8259x6217 rep2	ISC_305.2	523	4		
2.19.A2	6189x6220 rep1	ISC_203.1	524	4		
2.22.A4	9453x6106 rep2	ISC_409.2	525	4		
2.16.E5	5865x8426 rep2	ISC_046.2	526	4		
2.20.H2	8426x6193 rep2	ISC_327.2	527	4		
2.23.H1	9454x1363 rep1	ISC_410.1	528	4		
2.22.E5	9352x8422 rep1	ISC_342.1	529	4		
2.16.D2	6100x6069 rep2	ISC_120.2	530	4		
2.16.G3	6098x9451 rep1	ISC_116.1	531	4		
2.25.H1	6151x9408 rep1	ISC_179.1	532	4		
2.24.A3	6069x9470 rep1	ISC_091.1	533	4		
2.20.E4	1137x1074 rep1	ISC_011.1	534	4		
2.22.A6	7519x6111 rep1	ISC_280.1	535	4		
2.24.D3	6020x6030 rep1	ISC_058.1	536	4		
2.21.E1	9437x6197 rep1	ISC_400.1	537	4		
2.23.G3	6231x6039 rep1	ISC_240.1	538	4		
2.25.C3	9057x9382 rep2	ISC_329.2	539	4		
2.15.E3	6024x1367 rep1	ISC_063.1	540	4		
2.25.A3	6974x6198 rep1	ISC_276.1	541	4	4	
2.16.A5	6243x6180 rep2	ISC_251.2	542	4		
2.21.B4	9450x9356 rep2	ISC_403.2	543	4		
2.23.D5	6166x7519 rep1	ISC_187.1	544	4		
2.23.E5	6100x6069 rep1	ISC_119.1	545	4		
2.25.E4	6090x9416 rep1	ISC_108.1	546	4		
2.18.D5	8230x6195 rep2	ISC_287.2	547	4		
2.17.F2	1367x8256 rep2	ISC_026.2	548	4		
2.22.F5	5831x8237 rep2	ISC_040.2	549	4		
2.17.H1	1254x6076 rep2	ISC_018.2	550	4		
2.19.G4	6169x8230 rep1	ISC_189.1	551	4		
2.16.B3	9421x8256 rep2	ISC_393.2	552	4	4	
2.22.D3	6238x6105 rep1	ISC_244.1	553	4		
2.28.C3	6195x1074 rep2	ISC_216.2	554	4		
2.25.E3	6192x1062 rep1	ISC_207.1	555	4		
2.27.F1	6073x9476 rep2	ISC_097.2	556	4		
2.26.A5	1257x8334 rep2	ISC_020.2	557	4		
2.27.E6	6184x6025 rep2	ISC_202.2	558	4		
2.15.G2	9412x6024 rep1	ISC_386.1	559	4		
2.24.H6	6217x6126 rep2	ISC_234.2	560	4		
2.19.G5	992x9332 rep2	ISC_425.2	561	4		
2.27.C3	1002x6244 rep2	ISC_004.2	562	4		
2.19.G6	1317x6276 rep1	ISC_021.1	563	4		
2.28.F2	8283x9471 rep1	ISC_306.1	564	4		
2.15.C4	9380x1063 rep1	ISC_352.1	565	4		
2.18.B2	6240x5831 rep2	ISC_247.2	566	4		
2.23.H3	6039x5835 rep1	ISC_079.1	567			
2.18.D4	6105x5829 rep1	ISC_123.1	568	4	4	
2.26.B2	8256x8376 rep1	ISC_300.1	569	4		
2.25.B1	6088x9386 rep1	ISC_106.1	570	4		
2.27.G3	6038x6039 rep2	ISC_078.2	571	4		
2.15.D3	6198x6118 rep1	ISC_219.1	572	4		
2.15.C3	9057x9382 rep1	ISC_328.1	573	4		
2.28.D3	6108x6192 rep2	ISC_129.2	574	4		
2.15.F3	9471x9450 rep2	ISC_417.2	575	4	4	
2.17.G4	9392x6073 rep2	ISC_369.2	576			
2.25.A1	6184x6025 rep1	ISC_201.1	577	4		
2.22.C2	6191x6965 rep1	ISC_205.1	578	4		
2.15.D4	8240x6036 rep1	ISC_292.1	579	4		
2.17.A5	9332x6413 rep1	ISC_336.1	580	4		
2.20.C5	6148x6138 rep2	ISC_174.2	581	4		
2.23.C3	6112x6166 rep1	ISC_132.1	582	4		
2.15.G4	6203x9321 rep1	ISC_225.1	583	4		
2.26.E6	8256x8376 rep2	ISC_301.2	584	4	4	
2.23.H5	9470x6107 rep1	ISC_414.1	585			
2.16.A1	9452x6114 rep1	ISC_406.1	586	4		
2.21.D4	6011x6017 rep2	ISC_049.2	587	4		
2.26.A6	5829x9336 rep2	ISC_036.2	588	4		
2.22.G2	6127x6918 rep1	ISC_147.1	589	4		
2.24.F4	1257x8334 rep1	ISC_019.1	590	4		
2.16.C6	9476x991 rep1	ISC_418.1	591	4		
2.18.G4	8222x6243 rep1	ISC_282.1	592	4	4	
2.25.C2	6163x6111 rep1	ISC_183.1	593	4		
2.26.B4	8247x6154 rep1	ISC_298.1	594	4		
2.21.C6	1367x8256 rep1	ISC_025.1	595	4		
2.15.A6	9407x6040 rep2	ISC_381.2	596	4		
2.26.G2	9323x8369 rep1	ISC_334.1	597	4		
2.27.H1	9388x9057 rep1	ISC_360.1	598			
2.15.A3	6237x6090 rep1	ISC_242.1	599			
2.17.C3	6243x6180 rep1	ISC_250.1	600	4	4	
2.23.C4	6086x8222 rep2	ISC_105.2	601	4		
2.24.F3	6284x5830 rep2	ISC_263.2	602	4		
2.26.F3	8231x8386 rep1	ISC_288.1	603	4		
2.20.D2	6076x1254 rep1	ISC_100.1	604	4		
2.19.B3	9404x9390 rep1	ISC_376.1	605	4		
2.22.C5	8227x6216 rep2	ISC_285.2	606	4	4	
2.25.G2	8423x8240 rep1	ISC_324.1	607	4	4	
2.21.E2	6104x6034 rep1	ISC_121.1	608	4	4	
2.19.C1	6154x6221 rep1	ISC_181.1	609	4	4	
2.20.C3	6169x8230 rep2	ISC_190.2	610	4	4	
2.22.A5	6127x6918 rep2	ISC_148.2	611	4	4	
2.18.B1	9437x6197 rep2	ISC_401.2	612	4	4	
2.25.H3	992x9332 rep1	ISC_424.1	613	4	4	
2.18.H3	6136x6064 rep1	ISC_161.1	614	4	4	
2.26.D1	5835x9058 rep2	ISC_042.2	615	4	4	
2.27.B2	8376x6201 rep2	ISC_317.2	616	4	4	
2.18.A6	1063x1435 rep1	ISC_009.1	617	4	4	
2.22.F2	9386x6171 rep2	ISC_359.2	618	4	4	
2.18.B3	6106x6071 rep1	ISC_125.1	619	4	4	
2.23.G6	9381x6198 rep1	ISC_354.1	620	4	4	
2.21.E6	8247x6154 rep2	ISC_299.2	621	4	4	
2.21.F4	6149x9395 rep2	ISC_176.2	622	4	4	
2.15.B1	6220x9339 rep2	ISC_238.2	623	4	4	
2.17.B5	6076x1254 rep2	ISC_101.2	624	4	4	
2.22.B2	6171x6074 rep2	ISC_192.2	625	4	4	
2.27.F2	9408x9352 rep1	ISC_382.1	626	4	4	
2.26.H6	1063x1435 rep2	ISC_010.2	627	4	4	
2.24.A5	6255x6136 rep1	ISC_256.1	628	4	4	
2.23.E3	9407x6040 rep1	ISC_380.1	629	4	4	
2.16.E4	1002x6038 rep2	ISC_002.2	630	4	4	
2.23.A2	6138x6122 rep1	ISC_165.1	631	4	4	
2.20.A3	5865x8426 rep1	ISC_045.1	632	4	4	
2.24.C6	6255x6136 rep2	ISC_257.2	633	4	4	
2.20.B3	6252x6202 rep2	ISC_255.2	634	4	4	
2.22.G6	9395x9454 rep1	ISC_370.1	635	4	4	
2.18.H6	6019x6012 rep1	ISC_056.1	636	4	4	
2.23.E4	6124x6184 rep2	ISC_142.2	637	4	4	
2.21.D5	9408x9352 rep2	ISC_383.2	638	4	4	
2.19.D1	9369x9434 rep1	ISC_349.1	639	4	4	
2.25.D4	6046x6191 rep2	ISC_088.2	640	5	5	
2.25.C4	8240x6036 rep2	ISC_293.2	641	4	4	
2.18.A5	6064x9404 rep1	ISC_089.1	642	4	4	
2.21.D2	6258x1257 rep2	ISC_259.2	643	4	4	
2.26.A2	6171x6074 rep1	ISC_191.1	644	4	4	
2.20.C6	1317x6276 rep2	ISC_022.2	645	4	4	
2.27.G2	8258x6115 rep2	ISC_303.2	646	4	4	
2.22.H4	7519x6111 rep2	ISC_281.2	647	4	4	
2.20.A2	6172x6148 rep2	ISC_194.2	648	4	4	
2.21.B6	6194x1061 rep2	ISC_214.2	649	4	4	
2.25.H6	8241x1137 rep2	ISC_295.2	650	5	5	
2.28.H2	1062x6108 rep1	ISC_007.1	651	5	5	
2.17.D5	9427x8387 rep2	ISC_395.2	652	5	5	
2.22.F1	6041x6153 rep2	ISC_084.2	653	5	5	
2.26.H4	6137x5867 rep2	ISC_164.2	654	5	5	
2.15.E1	8351x6150 rep1	ISC_312.1	655	5	5	
2.15.D6	6917x6011 rep2	ISC_269.2	656	5	5	
2.26.H2	9409x6104 rep2	ISC_385.2	657	5	5	
2.22.B1	9336x6220 rep1	ISC_338.1	658	5	5	
2.18.A4	1137x6237 rep2	ISC_014.2	659	5	5	
2.24.D4	6201x9399 rep1	ISC_221.1	660	5	5	
2.23.A4	9433x6030 rep1	ISC_396.1	661	5	5	
2.23.D6	6039x5835 rep2	ISC_080.2	662	5	5	
2.25.D5	9391x5867 rep2	ISC_365.2	663	5	5	
2.18.E5	8237x6194 rep2	ISC_291.2	664	5	5	
2.17.G1	6134x6013 rep1	ISC_159.1	665	5	5	
2.25.C6	6030x992 rep1	ISC_069.1	666	5	5	
2.18.B5	8386x6241 rep2	ISC_319.2	667	5	5	
2.21.H1	9405x6100 rep1	ISC_378.1	668	5	5	
2.26.G4	6115x1585 rep1	ISC_136.1	669	5	5	
2.26.F4	6231x6039 rep2	ISC_241.2	670	5	5	
2.17.D3	6098x9451 rep2	ISC_117.2	671	5	5	
2.18.B4	8422x6209 rep2	ISC_323.2	672	5	5	
2.22.B6	1318x6035 rep2	ISC_024.2	673	5	5	
2.23.C5	6109x9343 rep1	ISC_130.1	674	5	5	
2.24.C3	6125x6099 rep1	ISC_143.1	675	5	5	
2.26.C1	6036x1318 rep1	ISC_075.1	676	5	5	
2.24.B4	1552x1158 rep1	ISC_029.1	677	5	5	
2.26.F1	6918x9323 rep1	ISC_270.1	678	5	5	
2.20.F1	9404x9390 rep2	ISC_377.2	679	5	5	
2.27.A6	9451x9437 rep1	ISC_404.1	680	5	5	
2.16.G1	6917x6011 rep1	ISC_268.1	681	5	5	
2.15.G6	6115x1585 rep2	ISC_137.2	682	5	5	
2.20.B6	6017x9392 rep2	ISC_055.2	683	5	5	
2.26.H3	991x6210 rep1	ISC_422.1	684	5	5	
2.16.D1	5831x8237 rep1	ISC_039.1	685	5	5	
2.23.F3	9471x9450 rep1	ISC_416.1	686	5	5	
2.22.A2	6244x6173 rep1	ISC_252.1	687	5	5	
2.15.E4	8386x6241 rep1	ISC_318.1	688	5	5	
2.26.F2	6013x8241 rep1	ISC_052.1	689	5	5	
2.19.A6	6193x9394 rep1	ISC_211.1	690	5	5	
2.15.B2	8334x8231 rep1	ISC_310.1	691	5	5	
2.21.G6	6071x6145 rep1	ISC_095.1	692	5		
2.17.E5	9451x9437 rep2	ISC_405.2	693	5	5	
2.17.H4	6197x6127 rep1	ISC_217.1	694	5	5	
2.20.G2	6193x6133 rep1	ISC_209.1	695	5	5	
2.24.D6	6201x9399 rep2	ISC_222.2	696	5	5	
2.20.G5	6070x6019 rep1	ISC_093.1	697	5	5	
2.16.H6	6221x9455 rep1	ISC_239.1	698	5	5	
2.17.A4	6126x6172 rep2	ISC_146.2	699	5	5	
2.24.B1	6177x6023 rep1	ISC_197.1	700	5	5	
2.18.D6	6034x6231 rep1	ISC_071.1	701	5	5	
2.24.A4	8241x1137 rep1	ISC_294.1	702	5	5	
2.23.D4	6216x6258 rep1	ISC_231.1	703	5	5	
2.27.E1	5867x6913 rep2	ISC_048.2	704	5	5	
2.25.H2	6965x9412 rep2	ISC_273.2	705	5	5	
2.26.E5	6023x9380 rep1	ISC_062.1	706	5	5	
2.18.C4	6124x6184 rep1	ISC_141.1	707	5	5	
2.16.B4	9481x9399 rep1	ISC_420.1	708	5	5	
2.28.E2	9455x9371 rep2	ISC_413.2	709	5	5	
2.16.H3	6142x7517 rep2	ISC_170.2	710	5	5	
2.15.F6	6019x6012 rep2	ISC_057.2	711	5	5	
2.17.H5	6140x9388 rep2	ISC_168.2	712	5	5	
2.18.G6	6092x6125 rep1	ISC_110.1	713	5	5	
2.21.G1	7517x6284 rep2	ISC_279.2	714	5	5	
2.16.C2	6198x6118 rep2	ISC_220.2	715	5	5	
2.16.A3	8242x6171 rep2	ISC_297.2	716	5	5	
2.23.B6	8422x6209 rep1	ISC_322.1	717	5	5	
2.15.C5	6114x9381 rep2	ISC_135.2	718	5	5	
2.26.G3	6090x9416 rep2	ISC_109.2	719	5	5	
2.17.B1	8307x9481 rep1	ISC_308.1	720	5	5	
2.19.D5	6133x6020 rep1	ISC_155.1	721	5	5	
2.19.D6	9455x9371 rep1	ISC_412.1	722	5	5	
2.21.D6	6064x9404 rep2	ISC_090.2	723	5	5	
2.25.B2	9332x6413 rep2	ISC_337.2	724	5	5	
2.27.A4	9386x6171 rep1	ISC_358.1	725	5	5	
2.17.E2	175x6913 rep2	ISC_034.2	726	5	5	
2.26.E2	9416x6086 rep1	ISC_390.1	727	5	5	
2.20.G1	6193x6133 rep2	ISC_210.2	728			
2.22.H3	6012x997 rep1	ISC_050.1	729			
2.15.D2	8237x6194 rep1	ISC_290.1	730	5	5	
2.23.B1	9402x6169 rep2	ISC_375.2	731	5	5	
2.21.H2	6163x9405 rep1	ISC_185.1	732	5	5	
2.20.G3	6197x6127 rep2	ISC_218.2	733	5	5	
2.17.H6	9391x5867 rep1	ISC_364.1	734	5	5	
2.25.H4	9363x6070 rep1	ISC_348.1	735	5	5	
2.19.D3	6209x6151 rep2	ISC_228.2	736	5	5	
2.17.D2	6020x6030 rep2	ISC_059.2	737	5	5	
2.19.H5	9453x6106 rep1	ISC_408.1	738	6	6	
2.16.F5	9058x6112 rep1	ISC_330.1	739	5	5	
2.24.C5	6107x6128 rep1	ISC_127.1	740	5	5	
2.20.B4	6012x997 rep2	ISC_051.2	741	5	5	
2.18.G2	6024x1367 rep2	ISC_064.2	742	5	5	
2.22.H6	6109x9343 rep2	ISC_131.2	743	5	5	
2.16.A6	6173x9383 rep2	ISC_196.2	744	5	5	
2.20.F4	6097x1318 rep2	ISC_115.2	745	5	5	
2.15.B4	9481x9399 rep2	ISC_421.2	746	5	5	
2.20.A1	6202x9402 rep1	ISC_223.1	747	5	5	
2.18.F5	9390x8283 rep1	ISC_362.1	748	5	5	
2.16.B2	1254x6076 rep1	ISC_017.1	749	5	5	
2.23.F5	7517x6284 rep1	ISC_278.1	750	5	5	
2.24.E1	1552x1158 rep2	ISC_030.2	751	5	5	
2.20.G6	9353x6109 rep1	ISC_344.1	752	5	5	
2.27.H5	1002x6244 rep1	ISC_003.1	753	5	5	
2.28.E1	6118x8227 rep2	ISC_139.2	754	5	5	
2.20.A4	6276x9363 rep1	ISC_260.1	755	5	5	
2.28.G2	6209x6151 rep1	ISC_227.1	756	5	5	
2.23.B3	9058x6112 rep2	ISC_331.2	757	5	5	
2.23.A1	9434x6177 rep1	ISC_398.1	758	5	5	
2.16.B1	8351x6150 rep2	ISC_313.2	759	5	5	
2.23.F2	6241x1552 rep1	ISC_248.1	760	5	5	
2.27.D5	6240x5831 rep1	ISC_246.1	761	5	5	
2.19.B1	6085x9409 rep1	ISC_102.1	762	5	5	
2.24.C1	6122x6252 rep2	ISC_140.2	763	5	5	
2.23.G2	6112x6166 rep2	ISC_133.2	764	5	5	
2.25.F2	9371x6021 rep2	ISC_351.2	765	5	5	
2.27.A1	9476x991 rep2	ISC_419.2	766	5	5	
2.17.E6	9391x9353 rep2	ISC_367.2	767	5	5	
2.24.F5	6034x6231 rep2	ISC_072.2	768	5	5	
2.15.C1	9380x1063 rep2	ISC_353.2	769	5	5	
2.17.G2	6149x9395 rep1	ISC_175.1	770	5	5	
2.20.D6	9382x6035 rep1	ISC_356.1	771	5	5	
2.15.A1	6104x6034 rep2	ISC_122.2	772	5	5	
2.24.B3	9352x8422 rep2	ISC_343.2	773	5	5	
2.15.H1	5829x9336 rep1	ISC_035.1	774	5	5	
2.22.B5	6030x992 rep2	ISC_070.2	775	5	5	
2.20.G4	6036x6203 rep1	ISC_077.1	776	5	5	
2.25.G4	1061x6131 rep1	ISC_005.1	777	5	5	
2.24.E2	6094x9369 rep2	ISC_113.2	778	5	5	
2.23.F6	9416x6086 rep2	ISC_391.2	779	5	5	
2.23.A5	6151x9408 rep2	ISC_180.2	780	5	5	
2.24.F2	6132x6255 rep2	ISC_154.2	781	5	5	
2.22.E1	6177x6023 rep2	ISC_198.2	782	5	5	
2.17.D1	9395x9454 rep2	ISC_371.2	783	5	5	
2.24.D2	6021x9407 rep1	ISC_060.1	784	5	5	
2.22.H2	6086x8222 rep1	ISC_104.1	785	5	5	
2.24.G2	9433x6030 rep2	ISC_397.2	786	5	5	
2.18.E3	6025x6046 rep1	ISC_067.1	787	5	5	
2.18.F3	6107x6128 rep2	ISC_128.2	788	5	5	
2.19.C4	6040x6041 rep2	ISC_082.2	789	5	5	
2.21.G3	9323x8369 rep2	ISC_335.2	790	5	5	
2.17.A1	6043x9453 rep2	ISC_086.2	791	5	5	
2.17.H2	9343x8259 rep1	ISC_340.1	792	5	5	
2.19.F3	6210x6134 rep2	ISC_230.2	793	5	5	
2.16.F4	6191x6965 rep2	ISC_206.2	794	5	5	
2.26.D6	9421x8256 rep1	ISC_392.1	795	5	5	
2.25.D6	1435x6240 rep2	ISC_028.2	796	5	5	
2.17.G6	6131x6113 rep2	ISC_152.2	797	5	5	
3.36.G3	6112x6166 rep1	ISC_132.1	798	6	6	
3.34.A6	8351x6150 rep1	ISC_312.1	799	6	6	
3.34.E2	9407x6040 rep2	ISC_381.2	800	6	6	
3.39.E1	6145x8247 rep2	ISC_172.2	801	6	6	
3.29.C4	6104x6034 rep1	ISC_121.1	802	6	6	
3.31.A6	6166x7519 rep1	ISC_187.1	803	6	6	
3.31.H1	175x6913 rep2	ISC_034.2	804	6	6	
3.38.D2	9450x9356 rep1	ISC_402.1	805	6	6	
3.39.D4	6173x9383 rep2	ISC_196.2	806	6	6	
3.42.D3	6025x6046 rep1	ISC_067.1	807	6	6	
3.30.C1	6173x9383 rep1	ISC_195.1	808	6	6	
3.41.H1	7517x6284 rep2	ISC_279.2	809	6	6	
3.31.D1	6115x1585 rep2	ISC_137.2	810	6	6	
3.37.F5	6035x9433 rep2	ISC_074.2	811	6	6	
3.33.G2	6076x1254 rep2	ISC_101.2	812	6	6	
3.39.H5	6098x9451 rep1	ISC_116.1	813	6	6	
3.32.F5	6202x9402 rep1	ISC_223.1	814	6	6	
3.30.C2	6100x6069 rep2	ISC_120.2	815	6	6	
3.35.H6	6974x6198 rep1	ISC_276.1	816	6	6	
3.40.H1	6092x6125 rep2	ISC_111.2	817	6	6	
3.39.D3	6201x9399 rep2	ISC_222.2	818	6	6	
3.33.D1	1061x6131 rep2	ISC_006.2	819	6	6	
3.29.C2	6071x6145 rep2	ISC_096.2	820	6	6	
3.36.F1	6086x8222 rep1	ISC_104.1	821	6	6	
3.37.H5	9434x6177 rep1	ISC_398.1	822	6	6	
3.41.F5	6073x9476 rep2	ISC_097.2	823	6	6	
3.33.D3	8241x1137 rep2	ISC_295.2	824	6	6	
3.40.C1	6172x6148 rep2	ISC_194.2	825	6	6	
3.30.E5	9388x9057 rep2	ISC_361.2	826	6	6	
3.31.C4	9481x9399 rep1	ISC_420.1	827	6	6	
3.35.A2	9356x6094 rep2	ISC_347.2	828	6	6	
3.38.A5	9386x6171 rep1	ISC_358.1	829	6	6	
3.41.E3	9386x6171 rep2	ISC_359.2	830	6	6	
3.31.H3	9427x8387 rep1	ISC_394.1	831	6	6	
3.32.D6	9470x6107 rep1	ISC_414.1	832	6	6	
3.38.B5	6020x6030 rep2	ISC_059.2	833	6	6	
3.39.A5	6074x9421 rep1	ISC_098.1	834	6	6	
3.30.G1	1552x1158 rep1	ISC_029.1	835	6	6	
3.29.F3	6209x6151 rep2	ISC_228.2	836	6	6	
3.32.A3	9413x8423 rep2	ISC_389.2	837	6	6	
3.41.H3	6125x6099 rep1	ISC_143.1	838	6	6	
3.42.C3	6118x8227 rep2	ISC_139.2	839	6	6	
3.41.B5	5856x9452 rep2	ISC_044.2	840	6	6	
3.37.H1	9395x9454 rep2	ISC_371.2	841	5	5	
3.32.A2	6244x6173 rep1	ISC_252.1	842	5	5	
3.30.D2	1137x6237 rep1	ISC_013.1	843	5	5	
3.35.C5	9392x6073 rep1	ISC_368.1	844	5	5	
3.33.H5	6965x9412 rep2	ISC_273.2	845	5	5	
3.31.H4	9343x8259 rep2	ISC_341.2	846	6	6	
3.41.B3	9343x8259 rep1	ISC_340.1	847	6	6	
3.29.B6	6220x9339 rep1	ISC_237.1	848	6	6	
3.35.C2	6118x8227 rep1	ISC_138.1	849	6	6	
3.31.G6	6142x7517 rep1	ISC_169.1	850	6	6	
3.32.D3	6413x8351 rep2	ISC_265.2	851	6	6	
3.36.D1	6138x6122 rep1	ISC_165.1	852	6	6	
3.39.G4	9437x6197 rep1	ISC_400.1	853	6	6	
3.40.D1	6216x6258 rep1	ISC_231.1	854	6	6	
3.37.D5	8231x8386 rep1	ISC_288.1	855	6	6	
3.40.B4	6193x6133 rep1	ISC_209.1	856	6	6	
3.31.E3	6097x1318 rep2	ISC_115.2	857	6	6	
3.39.H2	6043x9453 rep1	ISC_085.1	858	6	6	
3.31.G2	6127x6918 rep2	ISC_148.2	859	6	6	
3.40.H2	6241x1552 rep1	ISC_248.1	860	6	6	
3.39.C5	5831x8237 rep1	ISC_039.1	861	6	6	
3.37.E4	6092x6125 rep1	ISC_110.1	862	6	6	
3.36.A2	6220x9339 rep2	ISC_238.2	863	6	6	
3.35.G4	6098x9451 rep2	ISC_117.2	864	6	6	
3.35.F2	6090x9416 rep1	ISC_108.1	865	6	6	
3.41.F1	9454x1363 rep1	ISC_410.1	866	6	6	
3.36.E5	9382x6035 rep1	ISC_356.1	867	6	6	
3.34.A4	7519x6111 rep1	ISC_280.1	868	6	6	
3.41.G4	6184x6025 rep2	ISC_202.2	869	6	6	
3.32.H2	9363x6070 rep1	ISC_348.1	870		6	
3.32.G1	6145x8247 rep1	ISC_171.1	871	6	6	
3.29.B4	9433x6030 rep2	ISC_397.2	872	6	6	
3.30.B4	6171x6074 rep2	ISC_192.2	873	6	6	
3.35.B1	6019x6012 rep2	ISC_057.2	874	6	6	
3.38.D1	6024x1367 rep1	ISC_063.1	875	6	6	
3.33.B2	6124x6184 rep1	ISC_141.1	876	6	6	
3.34.B4	6012x997 rep2	ISC_051.2	877	6	6	
3.36.B1	6917x6011 rep2	ISC_269.2	878	6	6	
3.38.B4	9390x8283 rep1	ISC_362.1	879	6	6	
3.41.G1	9404x9390 rep1	ISC_376.1	880	6	6	
3.33.G3	6039x5835 rep1	ISC_079.1	881	6	6	
3.41.B2	6172x6148 rep1	ISC_193.1	882	6	6	
3.34.C3	6132x6255 rep2	ISC_154.2	883	6	6	
3.41.A3	6284x5830 rep1	ISC_262.1	884	6	6	
3.36.F4	6046x6191 rep1	ISC_087.1	885	6	6	
3.40.A3	6231x6039 rep1	ISC_240.1	886	6	6	
3.33.B1	6974x6102 rep2	ISC_275.2	887	6	6	
3.39.E5	1257x8334 rep1	ISC_019.1	888	6	6	
3.33.C4	6243x6180 rep1	ISC_250.1	889	6	6	
3.40.C2	8422x6209 rep2	ISC_323.2	890	6	6	
3.35.C4	9353			6	6	
3.38.A6	6210x6134 rep2	ISC_230.2	891	6	6	
3.38.E3	5829x9336 rep1	ISC_035.1	892	6	6	
3.35.E3	6149x9395 rep1	ISC_175.1	893	6	6	
3.30.E6	8256x8376 rep1	ISC_300.1	894	6	6	
3.36.B2	8240x6036 rep2	ISC_293.2	895	6	6	
3.34.D6	1063x1435 rep2	ISC_010.2	896	6	6	
3.37.C2	6197x6127 rep1	ISC_217.1	897	6	6	
3.38.H5	9057x9382 rep1	ISC_328.1	898	6	6	
3.29.E4	9392x6073 rep2	ISC_369.2	899	6	6	
3.41.B4	6237x6090 rep2	ISC_243.2	900	6	6	
3.31.F1	9382x6035 rep2	ISC_357.2	901	6	6	
3.30.C3	8386x6241 rep2	ISC_319.2	902	6	6	
3.42.B2	1367x8256 rep1	ISC_025.1	903	6	6	
3.36.H3	6132x6255 rep1	ISC_153.1	904	6	6	
3.29.D5	6191x6965 rep1	ISC_205.1	905	6	6	
3.40.H3	6085x9409 rep2	ISC_103.2	906	6	6	
3.39.F5	1254x6076 rep1	ISC_017.1	907	6	6	
3.32.C3	6198x6118 rep1	ISC_219.1	908	6	6	
3.34.H6	8334x8231 rep2	ISC_311.2	909	6	6	
3.38.F4	5865x8426 rep1	ISC_045.1	910	6	6	
3.39.C1	8283x9471 rep1	ISC_306.1	911	6	6	
3.38.F6	8242x6171 rep2	ISC_297.2	912	6	6	
3.30.E4	8387x6238 rep1	ISC_320.1	913	6	6	
3.38.F3	9413x8423 rep1	ISC_388.1	914	6	6	
3.31.D2	6024x6124 rep2	ISC_066.2	915	6	6	
3.41.C3	9380x1063 rep1	ISC_352.1	916	6	6	
3.41.F6	8230x6195 rep1	ISC_286.1	917	6	6	
3.34.D1	5830x6085 rep1	ISC_037.1	918	6	6	
3.39.C2	8237x6194 rep2	ISC_291.2	919	6	6	
3.36.E4	9476x991 rep2	ISC_419.2	920	6	6	
3.36.D3	6106x6071 rep1	ISC_125.1	921	6	6	
3.41.B6	6128x9413 rep1	ISC_149.1	922	6	6	
3.33.C6	1002x6038 rep1	ISC_001.1	923	6	6	
3.36.E3	8351x6150 rep2	ISC_313.2	924	6	6	
3.32.H6	8242x6171 rep1	ISC_296.1	925	6	6	
3.35.D6	9321x6189 rep2	ISC_333.2	926	6	6	
3.35.C6	6021x9407 rep2	ISC_061.2	927	6	6	
3.31.E6	1137x6237 rep2	ISC_014.2	928	6	6	
3.31.E4	6231x6039 rep2	ISC_241.2	929	6	6	
3.40.C6	8423x8240 rep2	ISC_325.2	930	6	6	
3.29.C6	6122x6252 rep2	ISC_140.2	931	6	6	
3.39.H4	6244x6173 rep2	ISC_253.2	932	6	6	
3.32.A5	5835x9058 rep2	ISC_042.2	933	6	6	
3.30.G4	6108x6192 rep2	ISC_129.2	934	6	6	
3.38.G5	9412x6024 rep2	ISC_387.2	935	6	6	
3.38.A4	5829x9336 rep2	ISC_036.2	936	6	6	
3.41.C4	8241x1137 rep1	ISC_294.1	937	6	6	
3.31.B2	6189x6220 rep1	ISC_203.1	938	6	6	
3.35.F4	8369x6132 rep1	ISC_314.1	939	6	6	
3.33.G1	8369x6132 rep2	ISC_315.2	940	6	6	
3.33.E1	6240x5831 rep2	ISC_247.2	941	6	6	
3.34.F4	9412x6024 rep1	ISC_386.1	942	6	6	
3.36.D2	6177x6023 rep1	ISC_197.1	943	6	6	
3.29.F5	1585x9427 rep2	ISC_032.2	944	6	6	
3.35.G1	9388x9057 rep1	ISC_360.1	945	6	6	
3.39.D5	9356x6094 rep1	ISC_346.1	946	6	6	
3.38.F5	6094x9369 rep1	ISC_112.1	947	6	6	
3.35.B5	9451x9437 rep2	ISC_405.2	948	6	6	
3.29.G1	9407x6040 rep1	ISC_380.1	949	6	6	
3.32.H3	9371x6021 rep2	ISC_351.2	950	6	6	
3.40.H4	6974x6102 rep1	ISC_274.1	951	7	7	
3.37.C6	8259x6217 rep2	ISC_305.2	952	7	7	
3.40.F5	5865x8426 rep2	ISC_046.2	953	7	7	
3.39.F2	6136x6064 rep1	ISC_161.1	954	7	7	
3.36.G5	6109x9343 rep2	ISC_131.2	955	7	7	
3.32.C6	6171x6074 rep1	ISC_191.1	956	7	7	
3.37.A6	8426x6193 rep2	ISC_327.2	957	7	7	
3.32.B1	6034x6231 rep1	ISC_071.1	958	7	7	
3.36.C4	6038x6039 rep2	ISC_078.2	959	7	7	
3.30.F6	6105x5829 rep2	ISC_124.2	960	7	7	
3.42.G1	9452x6114 rep1	ISC_406.1	961	7	7	
3.34.C2	1063x1435 rep1	ISC_009.1	962	7	7	
3.36.A4	6041x6153 rep2	ISC_084.2	963	7	7	
3.35.E2	9353x6109 rep1	ISC_344.1	964	7	7	
3.30.C4	6013x8241 rep1	ISC_052.1	965	7	7	
3.34.A2	6151x9408 rep2	ISC_180.2	966	7	7	
3.29.A6	9352x8422 rep2	ISC_343.2	967	7	7	
3.32.E6	6013x8241 rep2	ISC_053.2	968	7	7	
3.29.A3	6913x6149 rep1	ISC_266.1	969	7	7	
3.37.B4	9369x9434 rep1	ISC_349.1	970	7	7	
3.32.B6	9451x9437 rep1	ISC_404.1	971	7	7	
3.34.B6	8334x8231 rep1	ISC_310.1	972	7	7	
3.37.A4	6133x6020 rep1	ISC_155.1	973	7	7	
3.38.B6	9399x6097 rep2	ISC_373.2	974	7	7	
3.29.C3	6140x9388 rep2	ISC_168.2	975	7	7	
3.30.G3	6201x9399 rep1	ISC_221.1	976	7	7	
3.37.A2	6034x6231 rep2	ISC_072.2	977	7	7	
3.30.B5	1137x1074 rep1	ISC_011.1	978	7	7	
3.35.D3	6109x9343 rep1	ISC_130.1	979	7	7	
3.35.E6	9416x6086 rep1	ISC_390.1	980	7	7	
3.37.B6	6030x992 rep2	ISC_070.2	981	7	7	
3.38.G3	6193x6133 rep2	ISC_210.2	982	7	7	
3.40.B5	6105x5829 rep1	ISC_123.1	983	7	7	
3.39.E4	6097x1318 rep1	ISC_114.1	984	7	7	
3.39.B1	8258x6115 rep1	ISC_302.1	985	7	7	
3.36.G2	9404x9390 rep2	ISC_377.2	986	7	7	
3.42.F3	6195x1074 rep2	ISC_216.2	987	7	7	
3.36.E1	1585x9427 rep1	ISC_031.1	988	7	7	
3.32.D2	9437x6197 rep2	ISC_401.2	989	7	7	
3.36.B4	6035x9433 rep1	ISC_073.1	990	7	7	
3.40.G5	9409x6104 rep1	ISC_384.1	991	7	7	
3.35.E5	5831x8237 rep2	ISC_040.2	992	7	7	
3.33.E6	8386x6241 rep1	ISC_318.1	993	7	7	
3.29.D6	6237x6090 rep1	ISC_242.1	994	7	7	
3.32.F4	8426x6193 rep1	ISC_326.1	995	7	7	
3.35.B2	1435x6240 rep1	ISC_027.1	996	7	7	
3.36.C5	6131x6113 rep2	ISC_152.2	997	7	7	
3.30.A2	8222x6243 rep2	ISC_283.2	998	7	7	
3.32.G6	991x6210 rep2	ISC_423.2	999	7	7	
3.33.H6	9381x6198 rep1	ISC_354.1	1000	7	7	
3.39.B6	6040x6041 rep2	ISC_082.2	1001	7	7	
3.37.E3	6064x9404 rep2	ISC_090.2	1002	7	7	
3.33.F2	6413x8351 rep1	ISC_264.1	1003	7	7	
3.41.C5	175x6913 rep1	ISC_033.1	1004	7	7	
3.33.C3	6189x6220 rep2	ISC_204.2	1005	7	7	
3.40.C3	6019x6012 rep1	ISC_056.1	1006	7	7	
3.30.D3	1317x6276 rep2	ISC_022.2	1007	7	7	
3.38.A3	6917x6011 rep1	ISC_268.1	1008	7	7	
3.37.E2	8307x9481 rep1	ISC_308.1	1009	7	7	
3.42.C1	6074x9421 rep2	ISC_099.2	1010	7	7	
3.42.A2	6127x6918 rep1	ISC_147.1	1011	7	7	
3.31.E5	6197x6127 rep2	ISC_218.2	1012	7	7	
3.42.G2	9402x6169 rep2	ISC_375.2	1013	7	7	
3.32.H1	8230x6195 rep2	ISC_287.2	1014	7	7	
3.31.C3	6064x9404 rep1	ISC_089.1	1015	7	7	
3.42.E3	9409x6104 rep2	ISC_385.2	1016	7	7	
3.29.C1	9481x9399 rep2	ISC_421.2	1017	7	7	
3.40.A6	8387x6238 rep2	ISC_321.2	1018	7	7	
3.40.A1	6046x6191 rep2	ISC_088.2	1019	7	7	
3.32.D4	8258x6115 rep2	ISC_303.2	1020	7	7	
3.35.D2	1062x6108 rep2	ISC_008.2	1021	7	7	
3.31.G1	7519x6111 rep2	ISC_281.2	1022	7	7	
3.34.F1	9453x6106 rep2	ISC_409.2	1023	7	7	
3.29.H6	8376x6201 rep2	ISC_317.2	1024	7	7	
3.31.B1	6217x6126 rep2	ISC_234.2	1025	7	7	
3.31.B5	9352x8422 rep1	ISC_342.1	1026	7	7	
3.38.D3	9332x6413 rep1	ISC_336.1	1027	7	7	
3.31.D3	6124x6184 rep2	ISC_142.2	1028	7	7	
3.29.E1	9395x9454 rep1	ISC_370.1	1029	7	7	
3.41.E6	6243x6180 rep2	ISC_251.2	1030	7	7	
3.38.G4	6276x9363 rep1	ISC_260.1	1031	7	7	
3.32.H4	6134x6013 rep2	ISC_160.2	1032	7	7	
3.37.C4	6106x6071 rep2	ISC_126.2	1033	7	7	
3.38.G1	9380x1063 rep2	ISC_353.2	1034	7	7	
3.31.H6	6115x1585 rep1	ISC_136.1	1035	7	7	
3.41.D5	9408x9352 rep1	ISC_382.1	1036	7	7	
3.41.H5	6069x9470 rep2	ISC_092.2	1037	7	7	
3.39.G2	8247x6154 rep1	ISC_298.1	1038	7	7	
3.39.G1	6043x9453 rep2	ISC_086.2	1039	7	7	
3.30.A1	9455x9371 rep2	ISC_413.2	1040	7	7	
3.33.C2	8423x8240 rep1	ISC_324.1	1041	7	7	
3.40.F6	1367x8256 rep2	ISC_026.2	1042	7	7	
3.34.E1	6126x6172 rep2	ISC_146.2	1043	7	7	
3.39.A6	6238x6105 rep2	ISC_245.2	1044	7	7	
3.31.F2	9390x8283 rep2	ISC_363.2	1045	7	7	
3.39.F6	8256x8376 rep2	ISC_301.2	1046	7	7	
3.29.A2	6017x9392 rep2	ISC_055.2	1047	7	7	
3.40.C4	6039x5835 rep2	ISC_080.2	1048	7	7	
3.32.E5	6192x1062 rep2	ISC_208.2	1049	7	7	
3.40.G3	1002x6244 rep2	ISC_004.2	1050	7	7	
3.31.C5	1257x8334 rep2	ISC_020.2	1051	7	7	
3.29.A4	6040x6041 rep1	ISC_081.1	1052	7	7	
3.40.E5	1137x1074 rep2	ISC_012.2	1053	7	7	
3.38.D4	6036x1318 rep1	ISC_075.1	1054	7	7	
3.36.G1	9470x6107 rep2	ISC_415.2	1055	7	7	
3.39.A4	6148x6138 rep2	ISC_174.2	1056	7	7	
3.36.F6	9323x8369 rep2	ISC_335.2	1057	7	7	
3.38.H4	9405x6100 rep2	ISC_379.2	1058	7	7	
3.40.D5	9434x6177 rep2	ISC_399.2	1059	7	7	
3.37.G5	5830x6085 rep2	ISC_038.2	1060	7	7	
3.35.F6	991x6210 rep1	ISC_422.1	1061	8	8	
3.36.H6	8422x6209 rep1	ISC_322.1	1062	8	8	
3.39.C4	6203x9321 rep2	ISC_226.2	1063	8	8	
3.37.F6	7517x6284 rep1	ISC_278.1	1064	8	8	
3.35.G6	1002x6244 rep1	ISC_003.1	1065	8	8	
3.35.F1	9450x9356 rep2	ISC_403.2	1066	8	8	
3.36.B5	6193x9394 rep2	ISC_212.2	1067	8	8	
3.35.B3	5856x9452 rep1	ISC_043.1	1068	8	8	
3.41.D1	9399x6097 rep1	ISC_372.1	1069	8	8	
3.34.E6	6918x9323 rep2	ISC_271.2	1070	8	8	
3.39.E6	8259x6217 rep1	ISC_304.1	1071	8	8	
3.34.G4	8240x6036 rep1	ISC_292.1	1072	8	8	
3.31.A5	9391x5867 rep2	ISC_365.2	1073	8	8	
3.39.D6	9427x8387 rep2	ISC_395.2	1074	8	8	
3.31.E1	9421x8256 rep1	ISC_392.1	1075	8	8	
3.34.G6	9452x6114 rep2	ISC_407.2	1076	8	8	
3.29.E5	1435x6240 rep2	ISC_028.2	1077	8	8	
3.33.F5	9421x8256 rep2	ISC_393.2	1078	8	8	
3.32.F1	1318x6035 rep1	ISC_023.1	1079	8	8	
3.37.D3	9332x6413 rep2	ISC_337.2	1080	8	8	
3.29.A5	1158x6092 rep1	ISC_015.1	1081	8	8	
3.32.B2	992x9332 rep2	ISC_425.2	1082	8	8	
3.41.C6	6071x6145 rep1	ISC_095.1	1083	8	8	
3.29.G3	8283x9471 rep2	ISC_307.2	1084	8	8	
3.33.A5	6076x1254 rep1	ISC_100.1	1085	8	8	
3.41.A1	6974x6198 rep2	ISC_277.2	1086	8	8	
3.34.C1	8237x6194 rep1	ISC_290.1	1087	8	8	
3.34.C6	6012x997 rep1	ISC_050.1	1088	8	8	
3.41.E4	1318x6035 rep2	ISC_024.2	1089	8	8	
3.38.D6	6025x6046 rep2	ISC_068.2	1090	8	8	
3.36.G4	9381x6198 rep2	ISC_355.2	1091	8	8	
3.41.H6	8222x6243 rep1	ISC_282.1	1092	8	8	
3.40.G4	6140x9388 rep1	ISC_167.1	1093	8	8	
3.31.H5	9471x9450 rep1	ISC_416.1	1094	8	8	
3.33.F4	5835x9058 rep1	ISC_041.1	1095	8	8	
3.32.E2	9471x9450 rep2	ISC_417.2	1096	8	8	
3.38.G6	9391x5867 rep1	ISC_364.1	1097	8	8	
3.31.D6	9336x6220 rep2	ISC_339.2	1098	8	8	
3.34.H3	6020x6030 rep1	ISC_058.1	1099	8	8	
3.37.A1	6112x6166 rep2	ISC_133.2	1100		8	
3.39.B5	6238x6105 rep1	ISC_244.1	1101	8	8	
3.33.A6	6137x5867 rep2	ISC_164.2	1102	8	8	
3.36.B3	6258x1257 rep2	ISC_259.2	1103	8	8	
3.34.B5	6252x6202 rep2	ISC_255.2	1104	8	8	
3.34.G5	6184x6025 rep1	ISC_201.1	1105	8	8	
3.36.F3	9323x8369 rep1	ISC_334.1	1106	8	8	
3.39.F1	6180x1317 rep1	ISC_199.1	1107	8	8	
3.33.E5	6151x9408 rep1	ISC_179.1	1108	8	8	
3.40.G6	6202x9402 rep2	ISC_224.2	1109	8	8	
3.39.H6	6142x7517 rep2	ISC_170.2	1110	8	8	
3.37.E1	6240x5831 rep1	ISC_246.1	1111	8	8	
3.33.F3	6104x6034 rep2	ISC_122.2	1112	8	8	
3.40.D6	6036x1318 rep2	ISC_076.2	1113	8	8	
3.37.B3	9476x991 rep1	ISC_418.1	1114	8	8	
3.30.D4	6241x1552 rep2	ISC_249.2	1115	8	8	
3.29.B2	6041x6153 rep1	ISC_083.1	1116	8	8	
3.40.C5	6191x6965 rep2	ISC_206.2	1117	8	8	
3.37.A5	6203x9321 rep1	ISC_225.1	1118	8	8	
3.34.E4	6194x1061 rep2	ISC_214.2	1119	8	8	
3.33.H3	9057x9382 rep2	ISC_329.2	1120	8	8	
3.36.A3	8307x9481 rep2	ISC_309.2	1121	8	8	
3.40.H6	9391x9353 rep2	ISC_367.2	1122	8	8	
3.38.A1	6255x6136 rep2	ISC_257.2	1123	8	8	
3.35.F5	9391x9353 rep1	ISC_366.1	1124	8	8	
3.34.E5	6036x6203 rep1	ISC_077.1	1125	8	8	
3.38.B3	6136x6064 rep2	ISC_162.2	1126	8	8	
3.31.A3	6030x992 rep1	ISC_069.1	1127	8	8	
3.32.E1	6284x5830 rep2	ISC_263.2	1128	8	8	
3.35.G5	6128x9413 rep2	ISC_150.2	1129	8	8	
3.34.B1	6094x9369 rep2	ISC_113.2	1130	8	8	
3.35.G2	6085x9409 rep1	ISC_102.1	1131	8	8	
3.33.C5	6024x1367 rep2	ISC_064.2	1132	8	8	
3.35.H5	6192x1062 rep1	ISC_207.1	1133	8	8	
3.32.D5	6150x6218 rep2	ISC_178.2	1134	8	8	
3.32.F3	6070x6019 rep1	ISC_093.1	1135	8	8	
3.42.F2	6070x6019 rep2	ISC_094.2	1136	8	8	
3.38.E6	6137x5867 rep1	ISC_163.1	1137	8	8	
3.37.A3	6169x8230 rep1	ISC_189.1	1138	8	8	
3.29.E2	6149x9395 rep2	ISC_176.2	1139	8	8	
3.35.H3	6011x6017 rep2	ISC_049.2	1140	8	8	
3.37.G1	6126x6172 rep1	ISC_145.1	1141	8	8	
3.41.A6	8231x8386 rep2	ISC_289.2	1142	8	8	
3.30.D6	9058x6112 rep1	ISC_330.1	1143	8	8	
3.35.A6	9371x6021 rep1	ISC_350.1	1144	8	8	
3.36.C1	6023x9380 rep1	ISC_062.1	1145	8	8	
3.35.B6	1254x6076 rep2	ISC_018.2	1146	8	8	
3.36.A6	1061x6131 rep1	ISC_005.1	1147	8	8	
3.36.H1	6217x6126 rep1	ISC_233.1	1148	8	8	
3.37.F2	6148x6138 rep1	ISC_173.1	1149	8	8	
3.38.E4	6198x6118 rep2	ISC_220.2	1150	8	8	
3.37.B2	9405x6100 rep1	ISC_378.1	1151	8	8	
3.29.B5	9408x9352 rep2	ISC_383.2	1152	8	8	
3.39.H3	6150x6218 rep1	ISC_177.1	1153	8	8	
3.39.H1	6134x6013 rep1	ISC_159.1	1154	8	8	
3.30.C5	6255x6136 rep1	ISC_256.1	1155	8	8	
3.34.G2	1317x6276 rep1	ISC_021.1	1156	8	8	
3.40.A2	9416x6086 rep2	ISC_391.2	1157	8	8	
3.29.H5	6133x6020 rep2	ISC_156.2	1158	8	8	
3.35.D4	6114x9381 rep1	ISC_134.1	1159	8	8	
3.40.A5	6090x9416 rep2	ISC_109.2	1160	8	8	
3.34.H4	9058x6112 rep2	ISC_331.2	1161	8	8	
3.41.C1	6021x9407 rep1	ISC_060.1	1162	8	8	
3.31.C2	997x8307 rep2	ISC_427.2	1163	8	8	
3.31.A1	9336x6220 rep1	ISC_338.1	1164	8	8	
3.29.D1	1158x6092 rep2	ISC_016.2	1165	8	8	
3.32.C1	997x8307 rep1	ISC_426.1	1166	8	8	
3.33.D6	6138x6122 rep2	ISC_166.2	1167	8	8	
3.30.B1	6163x6111 rep1	ISC_183.1	1168	8	8	
3.33.B4	6221x9455 rep1	ISC_239.1	1169	8	8	
3.39.F3	6177x6023 rep2	ISC_198.2	1170	8	8	
3.33.G5	1002x6038 rep2	ISC_002.2	1171	8	8	
3.35.A4	9453x6106 rep1	ISC_408.1	1172	8	8	
3.37.B1	6194x1061 rep1	ISC_213.1	1173	8	8	
3.38.F1	5867x6913 rep1	ISC_047.1	1174	8	8	
3.36.B6	9353x6109 rep2	ISC_345.2	1175	8	8	
3.40.F2	6965x9412 rep1	ISC_272.1	1176	8	8	
3.42.A3	5867x6913 rep2	ISC_048.2	1177	8	8	
3.33.G6	6107x6128 rep2	ISC_128.2	1178	8	8	
3.39.E3	6193x9394 rep1	ISC_211.1	1179	8	8	
3.42.F1	1062x6108 rep1	ISC_007.1	1180	8	8	
3.37.H3	992x9332 rep1	ISC_424.1	1181	7	7	
3.33.H2	6099x9394 rep2	ISC_118.2	1182	7	7	
3.29.D3	6107x6128 rep1	ISC_127.1	1183	7	7	
3.32.D1	6180x1317 rep2	ISC_200.2	1184	7	7	
3.35.C1	6024x6124 rep1	ISC_065.1	1185	7	7	
3.41.A2	6195x1074 rep1	ISC_215.1	1186	7	7	
3.42.D1	6913x6149 rep2	ISC_267.2	1187	7	7	
1.9.F3	1002x6038 rep2	ISC_002.2	1188			
2.19.F5	1137x6237 rep1	ISC_013.1	1189			
1.5.H2	1317x6276 rep2	ISC_022.2	1190			
3.32.E3	1552x1158 rep2	ISC_030.2	1191			
1.3.F4	1585x9427 rep1	ISC_031.1	1192			
2.24.B5	5835x9058 rep1	ISC_041.1	1193			
1.10.H2	6017x9392 rep1	ISC_054.1	1194			
2.23.G5	6017x9392 rep1	ISC_054.1	1195			
3.33.C1	6017x9392 rep1	ISC_054.1	1196			
1.9.B3	6025x6046 rep1	ISC_067.1	1197			
2.26.E4	6035x9433 rep1	ISC_073.1	1198			
2.19.C6	6036x1318 rep2	ISC_076.2	1199			
2.24.H3	6043x9453 rep1	ISC_085.1	1200			
3.39.C6	6069x9470 rep1	ISC_091.1	1201			
2.23.G1	6074x9421 rep1	ISC_098.1	1202			
3.40.H5	6086x8222 rep2	ISC_105.2	1203			
3.33.H4	6088x9386 rep1	ISC_106.1	1204			
1.1.D5	6088x9386 rep2	ISC_107.2	1205			
2.15.E5	6088x9386 rep2	ISC_107.2	1206			
3.35.E1	6088x9386 rep2	ISC_107.2	1207			
3.38.H6	6100x6069 rep1	ISC_119.1	1208			
2.25.C1	6106x6071 rep2	ISC_126.2	1209			
1.6.E4	6107x6128 rep1	ISC_127.1	1210			
3.40.B3	6114x9381 rep2	ISC_135.2	1211			
2.21.G2	6118x8227 rep1	ISC_138.1	1212			
1.1.E5	6125x6099 rep2	ISC_144.2	1213			
2.28.A1	6125x6099 rep2	ISC_144.2	1214			
3.37.C1	6125x6099 rep2	ISC_144.2	1215			
1.10.H4	6131x6113 rep1	ISC_151.1	1216			
2.21.F3	6131x6113 rep1	ISC_151.1	1217			
3.35.H2	6131x6113 rep1	ISC_151.1	1218			
1.8.G3	6133x6917 rep1	ISC_157.1	1219			
2.26.G1	6133x6917 rep1	ISC_157.1	1220			
3.42.A1	6133x6917 rep1	ISC_157.1	1221			
1.8.C5	6133x6917 rep2	ISC_158.2	1222			
2.27.E2	6133x6917 rep2	ISC_158.2	1223			
3.41.E5	6133x6917 rep2	ISC_158.2	1224			
1.6.C6	6140x9388 rep2	ISC_168.2	1225			
2.19.F6	6145x8247 rep1	ISC_171.1	1226			
3.31.G5	6154x6221 rep1	ISC_181.1	1227			
2.18.H5	6154x6221 rep2	ISC_182.2	1228			
3.37.E5	6154x6221 rep2	ISC_182.2	1229			
2.15.H3	6163x6111 rep2	ISC_184.2	1230			
3.30.B3	6163x6111 rep2	ISC_184.2	1231			
3.39.C3	6163x9405 rep1	ISC_185.1	1232			
2.21.C3	6163x9405 rep2	ISC_186.2	1233			
3.40.F4	6163x9405 rep2	ISC_186.2	1234			
3.29.D2	6166x7519 rep2	ISC_188.2	1235			
3.30.F5	6169x8230 rep2	ISC_190.2	1236			
1.3.F5	6171x6074 rep2	ISC_192.2	1237			
2.24.B6	6195x1074 rep1	ISC_215.1	1238			
1.12.H5	6209x6151 rep1	ISC_227.1	1239			
3.34.A1	6209x6151 rep1	ISC_227.1	1240			
2.15.H6	6210x6134 rep1	ISC_229.1	1241			
3.30.B2	6210x6134 rep1	ISC_229.1	1242			
1.13.G6	6216x6258 rep2	ISC_232.2	1243			
2.25.F3	6216x6258 rep2	ISC_232.2	1244			
3.39.G3	6216x6258 rep2	ISC_232.2	1245			
2.24.H1	6218x6043 rep1	ISC_235.1	1246			
3.36.C2	6218x6043 rep1	ISC_235.1	1247			
2.20.H3	6218x6043 rep2	ISC_236.2	1248			
3.37.D4	6218x6043 rep2	ISC_236.2	1249			
2.19.E1	6220x9339 rep1	ISC_237.1	1250			
1.14.A3	6220x9339 rep2	ISC_238.2	1251			
1.4.C6	6221x9455 rep1	ISC_239.1	1252			
2.21.D3	6237x6090 rep2	ISC_243.2	1253			
1.4.G3	6240x5831 rep1	ISC_246.1	1254			
3.41.A4	6252x6202 rep1	ISC_254.1	1255			
2.19.F2	6258x1257 rep1	ISC_258.1	1256			
3.36.A5	6258x1257 rep1	ISC_258.1	1257			
1.10.F1	6276x9363 rep2	ISC_261.2	1258			
2.15.F5	6276x9363 rep2	ISC_261.2	1259			
3.31.G4	6276x9363 rep2	ISC_261.2	1260			
3.38.D5	6918x9323 rep1	ISC_270.1	1261			
2.22.B3	6965x9412 rep1	ISC_272.1	1262			
3.29.B3	8227x6216 rep1	ISC_284.1	1263			
1.4.A4	8227x6216 rep2	ISC_285.2	1264			
3.32.B3	8227x6216 rep2	ISC_285.2	1265			
3.31.B6	8247x6154 rep2	ISC_299.2	1266			
1.4.D2	8376x6201 rep1	ISC_316.1	1267			
2.23.H2	8376x6201 rep1	ISC_316.1	1268			
3.32.G3	8376x6201 rep1	ISC_316.1	1269			
2.22.D5	9321x6189 rep1	ISC_332.1	1270			
3.42.E1	9321x6189 rep1	ISC_332.1	1271			
2.21.H4	9356x6094 rep1	ISC_346.1	1272			
2.21.F6	9382x6035 rep2	ISC_357.2	1273			
1.3.H6	9386x6171 rep1	ISC_358.1	1274			
1.5.F5	9392x6073 rep2	ISC_369.2	1275			
1.8.F4	9395x9454 rep2	ISC_371.2	1276			
2.17.G3	9402x6169 rep1	ISC_374.1	1277			
3.35.A1	9402x6169 rep1	ISC_374.1	1278			
1.5.D3	9433x6030 rep1	ISC_396.1	1279			
3.37.G3	9433x6030 rep1	ISC_396.1	1280			
1.11.G3	9454x1363 rep2	ISC_411.2	1281			
2.17.B6	9454x1363 rep2	ISC_411.2	1282			
3.31.G3	9454x1363 rep2	ISC_411.2	1283	2		
3.36.G6	9455x9371 rep1	ISC_412.1	1284			
