box,row,label
1,1,1.2.E1
1,1,1.5.F6
1,1,1.7.B5
1,1,1.1.C3
1,1,1.14.D2
1,1,1.3.B6
1,1,1.13.E5
1,1,1.7.F7
1,1,1.1.G6
1,1,1.10.H1
1,1,1.3.B4
1,1,1.4.F4
1,1,1.10.H6
1,1,1.12.A4
1,1,1.5.F2
1,1,1.4.F5
1,1,1.14.C1
1,1,1.10.C5
1,1,1.13.C1
1,1,1.2.G2
1,1,1.5.G4
1,1,1.3.F3
1,1,1.5.A2
1,1,1.1.G5
1,1,1.3.D5
1,1,1.7.D3
1,1,1.3.C2
1,1,1.1.D2
1,1,1.7.E1
1,1,1.11.E4
1,1,1.5.H3
1,1,1.7.F4
1,1,1.13.D1
1,1,1.13.A5
1,1,1.6.B5
1,1,1.7.D3
1,1,1.1.C2
1,1,1.13.H4
1,1,1.11.D4
1,1,1.13.D4
1,1,1.6.H4
1,1,1.13.A3
1,1,1.8.B5
1,1,1.2.H5
1,1,1.2.G4
1,1,1.7.E2
1,1,1.11.E3
1,1,1.11.D5
1,1,1.4.G4
1,1,1.7.H5
1,1,1.1.D4
1,1,1.9.D5
1,1,1.3.D3
1,1,1.10.A4
1,1,1.3.B5
1,1,1.9.D2
1,1,1.1.F4
1,1,1.12.C3
1,1,1.1.C5
1,1,1.12.H1
1,1,1.8.B3
1,1,1.12.E3
1,1,1.1.F5
1,1,1.7.D6
1,1,1.5.H4
1,1,1.1.F1
1,1,1.4.B6
1,1,1.9.E5
1,1,1.13.A2
1,1,1.4.E5
1,1,1.6.A1
1,1,1.8.D1
1,1,1.12.C4
1,1,1.1.B1
1,1,1.14.A1
1,1,1.12.E4
1,1,1.3.E5
1,1,1.12.H5
1,1,1.5.E4
1,1,1.9.A4
1,1,1.8.H3
1,1,1.6.A6
1,1,1.3.B2
1,1,1.13.G2
1,1,1.7.E2
1,1,1.12.F3
1,1,1.11.D2
1,1,1.4.G6
1,1,1.7.F5
1,1,1.2.E4
1,1,1.8.H2
1,1,1.10.H3
1,1,1.8.C2
1,2,1.6.A5
1,2,1.4.C2
1,2,1.10.G3
1,2,1.7.A1
1,2,1.11.A2
1,2,1.10.E4
1,2,1.5.A6
1,2,1.2.A5
1,2,1.12.A2
1,2,1.8.E2
1,2,1.4.E6
1,2,1.8.G1
1,2,1.9.D6
1,2,1.9.H4
1,2,1.11.G2
1,2,1.14.E3
1,2,1.1.B6
1,2,1.3.D4
1,2,1.10.E6
1,2,1.2.D4
1,2,1.13.G4
1,2,1.9.E1
1,2,1.4.D4
1,2,1.10.C2
1,2,1.2.E3
1,2,1.1.H4
1,2,1.14.E2
1,2,1.10.B4
1,2,1.2.H1
1,2,1.11.D1
1,2,1.9.B1
1,2,1.3.H3
1,2,1.9.F2
1,2,1.9.B4
1,2,1.6.C3
1,2,1.3.D2
1,2,1.9.C3
1,2,1.14.H2
1,2,1.4.H4
1,2,1.1.A3
1,2,1.3.G6
1,2,1.7.C1
1,2,1.11.F5
1,2,1.3.E4
1,2,1.3.G4
1,2,1.12.H3
1,2,1.8.E4
1,2,1.4.F2
1,2,1.12.C6
1,2,1.6.D5
1,2,1.6.C4
1,2,1.2.F1
1,2,1.7.E3
1,2,1.9.C4
1,2,1.1.H2
1,2,1.12.E6
1,2,1.7.G5
1,2,1.13.E4
1,2,1.9.A5
1,2,1.10.D2
1,2,1.12.G2
1,2,1.1.D6
1,2,1.6.A2
1,2,1.3.A1
1,2,1.1.E4
1,2,1.1.A5
1,2,1.11.B3
1,2,1.10.B1
1,2,1.1.E3
1,2,1.3.D6
1,2,1.5.F1
1,2,1.2.B5
1,2,1.5.E5
1,2,1.8.F1
1,2,1.8.C3
1,2,1.8.F3
1,2,1.11.G1
1,2,1.4.B1
1,2,1.1.C4
1,2,1.6.G1
1,2,1.7.G3
1,2,1.6.A4
1,2,1.11.D6
1,2,1.5.B5
1,2,1.7.A4
1,3,1.8.B2
1,3,1.4.D5
1,3,1.6.H5
1,3,1.2.F2
1,3,1.11.C1
1,3,1.14.B3
1,3,1.5.A1
1,3,1.6.C5
1,3,1.3.E6
1,3,1.7.B4
1,3,1.12.D1
1,3,1.9.F5
1,3,1.7.D4
1,3,1.10.B3
1,3,1.3.A2
1,3,1.2.G6
1,3,1.6.G6
1,3,1.12.D4
1,3,1.12.D5
1,3,1.8.D2
1,3,1.6.E2
1,3,1.8.A5
1,3,1.5.A3
1,3,1.13.D2
1,3,1.1.B4
1,3,1.7.C4
1,3,1.12.H6
1,3,1.9.H2
1,3,1.12.A3
1,3,1.12.G3
1,3,1.14.E1
1,3,1.11.E5
1,3,1.2.H6
1,3,1.5.A5
1,3,1.5.H5
1,3,1.2.F5
1,3,1.9.D3
1,3,1.5.D6
1,3,1.12.G6
1,3,1.5.G3
1,3,1.5.B2
1,3,1.14.C3
1,3,1.8.G2
1,3,1.5.F4
1,3,1.2.B1
1,3,1.13.F1
1,3,1.7.D5
1,3,1.13.H6
1,3,1.12.F6
1,3,1.2.E2
1,3,1.1.D3
1,3,1.8.G4
1,3,1.11.A1
1,3,1.5.E6
1,3,1.8.H5
1,3,1.10.B2
1,3,1.5.C2
1,3,1.1.G6
1,3,1.8.D6
1,3,1.5.E2
1,3,1.3.G1
1,3,1.1.C1
1,3,1.11.H4
1,3,1.9.F1
1,3,1.5.C3
1,3,1.3.C1
1,3,1.11.E2
1,3,1.2.G1
1,3,1.4.B3
1,3,1.2.F4
1,3,1.7.C6
1,3,1.9.G1
1,3,1.12.A1
1,3,1.1.H5
1,3,1.13.B5
1,3,1.6.H6
1,3,1.7.C3
1,3,1.12.G5
1,3,1.10.C6
1,3,1.7.G2
1,3,1.12.D6
1,3,1.1.H3
1,3,1.7.E5
1,3,1.4.H2
1,3,1.10.G6
1,3,1.11.E6
1,3,1.12.E5
1,3,1.7.A5
1,3,1.3.H5
1,3,1.9.B2
1,3,1.8.B1
1,3,1.12.B1
1,3,1.6.H2
1,3,1.2.C3
1,4,1.9.E2
1,4,1.1.D1
1,4,1.9.A1
1,4,1.11.H2
1,4,1.12.B4
1,4,1.4.C1
1,4,1.5.G1
1,4,1.1.G1
1,4,1.5.B4
1,4,1.9.E6
1,4,1.5.G6
1,4,1.6.B6
1,4,1.3.F1
1,4,1.5.B6
1,4,1.8.G5
1,4,1.9.H5
1,4,1.8.D5
1,4,1.14.F3
1,4,1.4.F6
1,4,1.5.G2
1,4,1.12.A6
1,4,1.3.E2
1,4,1.7.H1
1,4,1.4.B5
1,4,1.8.E1
1,4,1.10.G2
1,4,1.11.F3
1,4,1.4.A6
1,4,1.4.A2
1,4,1.8.A4
1,4,1.4.A1
1,4,1.13.H5
1,4,1.1.C6
1,4,1.8.A6
1,4,1.11.F6
1,4,1.2.C5
1,4,1.5.F3
1,4,1.9.G5
1,4,1.4.C4
1,4,1.6.F1
1,4,1.7.H3
1,4,1.8.D4
1,4,1.6.D2
1,4,1.6.D4
1,4,1.3.G2
1,4,1.11.G4
1,4,1.2.A2
1,4,1.2.G5
1,4,1.12.F4
1,4,1.11.C6
1,4,1.11.B1
1,4,1.12.D3
1,4,1.4.C3
1,4,1.6.E6
1,4,1.1.B3
1,4,1.8.G6
1,4,1.13.D5
1,4,1.9.C6
1,4,1.4.E3
1,4,1.13.B3
1,4,1.3.E3
1,4,1.7.F3
1,4,1.1.F2
1,4,1.7.A6
1,4,1.10.A5
1,4,1.3.A5
1,4,1.2.D2
1,4,1.7.C2
1,4,1.14.D3
1,4,1.11.B6
1,4,1.2.E6
1,4,1.6.B1
1,4,1.10.F6
1,4,1.8.E5
1,4,1.2.D6
1,4,1.7.A2
1,4,1.10.C1
1,4,1.2.F6
1,4,1.14.F1
1,4,1.7.E4
1,4,1.5.D2
1,4,1.9.C1
1,4,1.11.B4
1,4,1.14.B1
1,4,1.9.H3
1,4,1.5.C1
1,4,1.3.G5
1,4,1.2.B4
2,1,1.2.F3
2,1,1.3.C3
2,1,1.6.F6
2,1,1.14.C2
2,1,1.13.E2
2,1,1.12.A5
2,1,1.6.G2
2,1,1.7.C5
2,1,1.4.G5
2,1,1.10.C4
2,1,1.1.F6
2,1,1.11.G5
2,1,1.7.B3
2,1,1.6.C1
2,1,1.8.F5
2,1,1.1.H6
2,1,1.4.G2
2,1,1.10.F3
2,1,1.10.A2
2,1,1.2.C4
2,1,1.9.G6
2,1,1.9.H6
2,1,1.6.B3
2,1,1.13.G5
2,1,1.6.D3
2,1,1.14.G1
2,1,1.11.H3
2,1,1.6.F4
2,1,1.12.F5
2,1,1.5.A4
2,1,1.9.G3
2,1,1.14.A2
2,1,1.9.B5
2,1,1.13.G1
2,1,1.9.A2
2,1,1.2.G1
2,1,1.2.D1
2,1,1.10.C3
2,1,1.10.E1
2,1,1.7.G6
2,1,1.8.C4
2,1,1.1.A1
2,1,1.1.C3
2,1,1.1.G3
2,1,1.7.G1
2,1,1.10.D1
2,1,1.3.F2
2,1,1.12.C2
2,1,1.1.E6
2,1,1.7.G4
2,1,1.4.H6
2,1,1.4.D1
2,1,1.14.B2
2,1,1.13.G3
2,1,1.6.D6
2,1,1.14.F2
2,1,1.2.B3
2,1,1.7.A3
2,1,1.1.A6
2,1,1.6.G5
2,1,1.3.H2
2,1,1.12.F2
2,1,1.11.A6
2,1,1.5.C4
2,1,1.9.G4
2,1,1.4.A3
2,1,1.4.A5
2,1,1.6.F2
2,1,1.13.C3
2,1,1.6.G3
2,1,1.7.B6
2,1,1.7.D1
2,1,1.3.H4
2,1,1.11.A4
2,1,1.10.D4
2,1,1.2.C2
2,1,1.5.D1
2,1,1.6.B4
2,1,1.8.C1
2,1,1.7.H6
2,1,1.2.D3
2,1,1.7.F1
2,1,1.5.H6
2,2,1.8.F2
2,2,1.5.C6
2,2,1.2.D5
2,2,1.13.B4
2,2,1.13.F2
2,2,1.1.B5
2,2,1.8.B6
2,2,1.6.B2
2,2,1.13.B1
2,2,1.11.E1
2,2,1.6.A3
2,2,1.13.C4
2,2,1.4.E4
2,2,1.8.H1
2,2,1.11.F1
2,2,1.4.E2
2,2,1.11.B5
2,2,1.10.E3
2,2,1.2.C6
2,2,1.2.A3
2,2,1.13.D6
2,2,1.2.H4
2,2,1.13.F4
2,2,1.10.E2
2,2,1.2.G3
2,2,1.6.E5
2,2,1.10.D6
2,2,1.3.A6
2,2,1.13.F5
2,2,1.11.C4
2,2,1.10.E5
2,2,1.11.H1
2,2,1.3.D1
2,2,1.9.D1
2,2,1.1.G2
2,2,1.3.G3
2,2,1.3.C6
2,2,1.9.D4
2,2,1.3.H1
2,2,1.12.E1
2,2,1.2.H2
2,2,1.6.F3
2,2,1.12.C5
2,2,1.2.A1
2,2,1.9.G2
2,2,1.4.F1
2,2,1.13.A4
2,2,1.5.B3
2,2,1.10.A1
2,2,1.6.H1
2,2,1.2.E5
2,2,1.3.C5
2,2,1.1.G4
2,2,1.3.F6
2,2,1.9.C2
2,2,1.3.E1
2,2,1.5.E1
2,2,1.9.A6
2,2,1.14.D1
2,2,1.8.C6
2,2,1.4.H1
2,2,1.12.H4
2,2,1.10.F5
2,2,1.5.C5
2,2,1.9.F6
2,2,1.8.A3
2,2,1.3.A4
2,2,1.1.A4
2,2,1.11.F4
2,2,1.8.D3
2,2,1.13.B6
2,2,1.14.H1
2,2,1.4.B2
2,2,1.11.C5
2,2,1.13.A6
2,2,1.12.B3
2,2,1.2.B2
2,2,1.6.C2
2,2,1.8.H4
2,2,1.11.A5
2,2,1.13.A1
2,2,1.9.A3
2,3,1.7.H4
2,3,1.13.D3
2,3,1.6.D1
2,3,1.8.F6
2,3,1.10.H5
2,3,1.4.D3
2,3,1.10.F2
2,3,1.12.G1
2,3,1.7.F2
2,3,1.1.E2
2,3,1.8.E3
2,3,1.5.B1
2,3,1.9.E3
2,3,1.2.A6
2,3,1.4.E1
2,3,1.1.F3
2,3,1.10.D3
2,3,1.9.H1
2,3,1.3.A3
2,3,1.10.B5
2,3,1.12.G4
2,3,1.9.B6
2,3,1.13.H3
2,3,1.8.A1
2,3,1.5.G5
2,3,1.6.H3
2,3,1.13.H2
2,3,1.11.C2
2,3,1.13.C5
2,3,1.10.A6
2,3,1.1.A2
2,3,1.1.B2
2,3,1.7.E6
2,3,1.12.H2
2,3,1.4.H5
2,3,1.13.F3
2,3,1.5.E3
2,3,1.2.A4
2,3,1.4.C5
2,3,1.13.E6
2,3,1.10.G5
2,3,1.8.E6
2,3,1.5.D5
2,3,1.12.E2
2,3,1.11.F2
2,3,1.7.B1
2,3,1.12.B2
2,3,1.10.D5
2,3,1.3.B1
2,3,1.8.B4
2,3,1.12.B5
2,3,1.13.B2
2,3,1.11.H5
2,3,1.13.E5
2,3,1.13.C6
2,3,1.10.B6
2,3,1.13.C2
2,3,1.7.D2
2,3,1.10.G2
2,3,1.2.H3
2,3,1.3.B3
2,3,1.9.C5
2,3,1.6.G4
2,3,1.8.H6
2,3,1.10.G1
2,3,1.4.H3
2,3,1.6.E3
2,3,1.6.E1
2,3,1.12.C1
2,3,1.12.F1
2,3,1.9.E4
2,3,1.10.F4
3,1,2.16.F3
3,1,2.15.C2
3,1,2.25.C5
3,1,2.21.G4
3,1,2.22.H5
3,1,2.20.B5
3,1,2.22.E6
3,1,2.25.D3
3,1,2.16.F6
3,1,2.19.E6
3,1,2.23.D1
3,1,2.21.F5
3,1,2.21.C5
3,1,2.21.C2
3,1,2.16.C2
3,1,2.19.G3
3,1,2.19.A4
3,1,2.22.E3
3,1,2.16.B5
3,1,2.25.E2
3,1,2.17.E1
3,1,2.23.H4
3,1,2.28.D1
3,1,2.24.E3
3,1,2.18.A2
3,1,2.19.E3
3,1,2.27.A5
3,1,2.20.B1
3,1,2.17.A3
3,1,2.18.F6
3,1,2.27.F4
3,1,2.20.D5
3,1,2.21.C1
3,1,2.26.D3
3,1,2.16.E2
3,1,2.16.G4
3,1,2.25.F4
3,1,2.23.B2
3,1,2.26.D5
3,1,2.25.B4
3,1,2.22.C4
3,1,2.21.E5
3,1,2.20.F6
3,1,2.16.H2
3,1,2.15.A2
3,1,2.18.F4
3,1,2.20.C1
3,1,2.23.A6
3,1,2.19.F4
3,1,2.27.C2
3,1,2.18.E4
3,1,2.26.D2
3,1,2.26.A3
3,1,2.23.F1
3,1,2.21.A5
3,1,2.27.D6
3,1,2.24.D5
3,1,2.20.F5
3,1,2.18.F1
3,1,2.27.H4
3,1,2.16.D4
3,1,2.26.C5
3,1,2.18.C1
3,1,2.26.H5
3,1,2.22.H1
3,1,2.26.C4
3,1,2.28.B1
3,1,2.27.A2
3,1,2.15.C6
3,1,2.18.B6
3,1,2.24.E5
3,1,2.18.E2
3,1,2.17.A2
3,1,2.22.F3
3,1,2.26.A1
3,1,2.21.A2
3,1,2.27.E5
3,1,2.16.C3
3,1,2.21.H6
3,2,2.27.E3
3,2,2.27.C4
3,2,2.19.A5
3,2,2.20.D1
3,2,2.19.E4
3,2,2.26.E1
3,2,2.17.C4
3,2,2.23.F4
3,2,2.24.D1
3,2,2.17.E3
3,2,2.25.A2
3,2,2.16.B6
3,2,2.25.B6
3,2,2.20.E3
3,2,2.15.E2
3,2,2.19.D4
3,2,2.19.G1
3,2,2.27.E4
3,2,2.23.E6
3,2,2.24.E6
3,2,2.19.H3
3,2,2.16.H1
3,2,2.17.B3
3,2,2.15.F1
3,2,2.27.H6
3,2,2.18.A3
3,2,2.25.G6
3,2,2.19.B6
3,2,2.19.B2
3,2,2.24.A2
3,2,2.27.F3
3,2,2.19.C5
3,2,2.23.H6
3,2,2.17.B4
3,2,2.22.D1
3,2,2.27.C1
3,2,2.16.E1
3,2,2.17.F4
3,2,2.28.E3
3,2,2.19.G2
3,2,2.20.F2
3,2,2.16.A2
3,2,2.16.G5
3,2,2.24.H4
3,2,2.27.H2
3,2,2.25.D2
3,2,2.26.A1
3,2,2.21.C4
3,2,2.17.C1
3,2,2.15.D5
3,2,2.15.A5
3,2,2.22.E4
3,2,2.18.F2
3,2,2.22.G5
3,2,2.24.G4
3,2,2.15.G5
3,2,2.24.F1
3,2,2.21.A1
3,2,2.25.G3
3,2,2.24.C4
3,2,2.19.E2
3,2,2.27.C6
3,2,2.20.E1
3,2,2.25.E6
3,2,2.24.A1
3,2,2.15.F2
3,2,2.23.E2
3,2,2.27.H3
3,2,2.25.A5
3,2,2.19.D2
3,2,2.19.C3
3,2,2.22.D4
3,2,2.20.H4
3,2,2.24.G1
3,2,2.23.D3
3,2,2.19.H6
3,2,2.22.C6
3,2,2.19.B5
3,2,2.23.E1
3,2,2.16.C5
3,2,2.16.E6
3,2,2.25.H5
3,2,2.15.E6
3,2,2.18.C6
3,3,2.20.D4
3,3,2.20.A6
3,3,2.15.F4
3,3,2.27.B3
3,3,2.19.A2
3,3,2.22.A4
3,3,2.16.E5
3,3,2.20.H2
3,3,2.23.H1
3,3,2.23.B4
3,3,2.22.E5
3,3,2.16.D2
3,3,2.21.A4
3,3,2.22.D6
3,3,2.16.G3
3,3,2.25.H1
3,3,2.24.A3
3,3,2.20.E4
3,3,2.26.D4
3,3,2.22.A6
3,3,2.24.D3
3,3,2.21.E1
3,3,2.23.G3
3,3,2.25.C3
3,3,2.20.E2
3,3,2.15.E3
3,3,2.25.A3
3,3,2.16.A5
3,3,2.18.H1
3,3,2.20.F3
3,3,2.21.B4
3,3,2.28.D2
3,3,2.23.D5
3,3,2.17.C2
3,3,2.21.H5
3,3,2.18.C2
3,3,2.20.E6
3,3,2.23.E5
3,3,2.25.E4
3,3,2.27.A3
3,3,2.18.D5
3,3,2.17.F2
3,3,2.22.F5
3,3,2.25.E5
3,3,2.17.H1
3,3,2.19.G4
3,3,2.16.B3
3,3,2.22.D3
3,3,2.28.C3
3,3,2.25.E3
3,3,2.27.F1
3,3,2.26.A5
3,3,2.22.A1
3,3,2.27.E6
3,3,2.15.G2
3,3,2.15.B6
3,3,2.24.G3
3,3,2.24.H6
3,3,2.19.G5
3,3,2.27.C3
3,3,2.19.G6
3,3,2.25.B5
3,3,2.28.F2
3,3,2.15.C4
3,3,2.18.B2
3,3,2.28.H3
3,3,2.18.D4
3,3,2.26.B2
3,3,2.23.G4
3,3,2.22.C3
3,3,2.25.B1
3,3,2.20.H1
3,3,2.27.G3
3,3,2.15.D3
3,3,2.15.C3
3,3,2.28.D3
3,3,2.15.F3
3,3,2.17.G4
3,3,2.22.B4
3,3,2.25.A1
3,3,2.22.C2
3,3,2.15.D4
3,3,2.17.A5
3,4,2.20.C5
3,4,2.23.C3
3,4,2.15.G4
3,4,2.26.E6
3,4,2.23.H5
3,4,2.16.A1
3,4,2.21.D4
3,4,2.26.A6
3,4,2.22.G2
3,4,2.24.F4
3,4,2.15.A4
3,4,2.16.C6
3,4,2.20.H6
3,4,2.18.G4
3,4,2.17.D1
3,4,2.25.C2
3,4,2.26.B4
3,4,2.21.C6
3,4,2.21.F1
3,4,2.15.A6
3,4,2.26.G2
3,4,2.27.H1
3,4,2.15.A3
3,4,2.17.C3
3,4,2.23.C4
3,4,2.24.F3
3,4,2.26.F3
3,4,2.20.D2
3,4,2.19.B3
3,4,2.22.C5
3,4,2.15.B3
3,4,2.25.G2
3,4,2.19.E5
3,4,2.21.E2
3,4,2.25.G5
3,4,2.19.G1
3,4,2.26.B5
3,4,2.19.B4
3,4,2.20.C3
3,4,2.22.E2
3,4,2.22.A5
3,4,2.18.B1
3,4,2.25.H3
3,4,2.21.B5
3,4,2.18.G3
3,4,2.21.A6
3,4,2.27.B5
3,4,2.17.D4
3,4,2.18.H3
3,4,2.26.D1
3,4,2.27.B2
3,4,2.18.A6
3,4,2.18.H4
3,4,2.22.F2
3,4,2.27.B6
3,4,2.18.B3
3,4,2.23.G6
3,4,2.21.E6
3,4,2.21.F4
3,4,2.26.B1
3,4,2.15.B1
3,4,2.17.B5
3,4,2.27.F6
3,4,2.16.F1
3,4,2.27.G6
3,4,2.22.B2
3,4,2.27.F2
3,4,2.24.H5
3,4,2.26.H6
3,4,2.24.A5
3,4,2.23.E3
3,4,2.15.G3
3,4,2.16.E4
3,4,2.23.D2
3,4,2.23.A2
3,4,2.20.A3
3,4,2.24.C6
3,4,2.20.B3
4,1,2.22.G6
4,1,2.18.H6
4,1,2.23.E4
4,1,2.21.D5
4,1,2.27.F5
4,1,2.26.H1
4,1,2.18.D2
4,1,2.19.D1
4,1,2.16.D3
4,1,2.25.D4
4,1,2.25.C4
4,1,2.18.A5
4,1,2.21.D2
4,1,2.26.A2
4,1,2.20.C6
4,1,2.27.G2
4,1,2.22.H4
4,1,2.20.A2
4,1,2.21.B6
4,1,2.25.H6
4,1,2.21.E4
4,1,2.28.H2
4,1,2.17.D5
4,1,2.22.F1
4,1,2.28.C1
4,1,2.28.G1
4,1,2.26.H4
4,1,2.15.E1
4,1,2.15.D6
4,1,2.26.H2
4,1,2.20.A5
4,1,2.22.B1
4,1,2.25.F1
4,1,2.18.A4
4,1,2.24.D4
4,1,2.23.A4
4,1,2.17.G5
4,1,2.27.D2
4,1,2.19.H4
4,1,2.23.D6
4,1,2.25.D5
4,1,2.18.E5
4,1,2.26.B3
4,1,2.17.G1
4,1,2.18.G1
4,1,2.25.C6
4,1,2.28.B2
4,1,2.18.B5
4,1,2.28.B3
4,1,2.27.B1
4,1,2.21.H1
4,1,2.26.G4
4,1,2.26.F4
4,1,2.17.D3
4,1,2.18.B4
4,1,2.19.A3
4,1,2.19.H2
4,1,2.22.B6
4,1,2.25.A4
4,1,2.23.C5
4,1,2.24.C3
4,1,2.15.H2
4,1,2.26.C1
4,1,2.24.B4
4,1,2.15.D1
4,1,2.16.H4
4,1,2.23.C6
4,1,2.26.F1
4,1,2.20.F1
4,1,2.24.C2
4,1,2.16.E3
4,1,2.27.A6
4,1,2.16.G1
4,1,2.15.G6
4,1,2.20.B6
4,2,2.26.H3
4,2,2.15.H5
4,2,2.16.D1
4,2,2.23.F3
4,2,2.22.A2
4,2,2.15.E4
4,2,2.26.F2
4,2,2.19.A6
4,2,2.15.B2
4,2,2.20.E5
4,2,2.21.G6
4,2,2.17.E5
4,2,2.17.H4
4,2,2.20.G2
4,2,2.24.D6
4,2,2.20.G5
4,2,2.16.H6
4,2,2.17.A4
4,2,2.27.G4
4,2,2.21.H3
4,2,2.26.F6
4,2,2.18.E6
4,2,2.24.B1
4,2,2.24.A4
4,2,2.23.D4
4,2,2.17.H3
4,2,2.27.E1
4,2,2.25.H2
4,2,2.26.E5
4,2,2.18.C4
4,2,2.22.G1
4,2,2.18.G5
4,2,2.16.B4
4,2,2.28.E2
4,2,2.16.H5
4,2,2.16.H3
4,2,2.15.F6
4,2,2.17.H5
4,2,2.18.G6
4,2,2.21.G1
4,2,2.16.C2
4,2,2.16.A3
4,2,2.23.B6
4,2,2.23.C2
4,2,2.27.B4
4,2,2.28.F1
4,2,2.27.C5
4,2,2.15.C5
4,2,2.28.A3
4,2,2.25.E1
4,2,2.22.G3
4,2,2.26.G3
4,2,2.18.D3
4,2,2.17.B1
4,2,2.17.C5
4,2,2.19.D5
4,2,2.24.H2
4,2,2.19.D6
4,2,2.21.D6
4,2,2.25.B2
4,2,2.27.A4
4,2,2.17.E2
4,2,2.23.A3
4,2,2.28.H1
4,2,2.26.E2
4,2,2.22.D2
4,2,2.20.G1
4,2,2.22.H3
4,2,2.24.G5
4,2,2.15.D2
4,2,2.16.C4
4,2,2.23.B1
4,2,2.26.C3
4,2,2.24.F6
4,3,2.21.H2
4,3,2.20.G3
4,3,2.17.H6
4,3,2.24.B2
4,3,2.25.H4
4,3,2.21.B2
4,3,2.19.D3
4,3,2.17.D2
4,3,2.19.H5
4,3,2.16.D6
4,3,2.22.A3
4,3,2.16.F5
4,3,2.24.C5
4,3,2.20.B4
4,3,2.18.G2
4,3,2.20.C4
4,3,2.22.H6
4,3,2.15.H4
4,3,2.22.F4
4,3,2.16.A6
4,3,2.20.F4
4,3,2.26.E3
4,3,2.15.B4
4,3,2.20.A1
4,3,2.27.D4
4,3,2.25.F5
4,3,2.21.B1
4,3,2.18.F5
4,3,2.16.B2
4,3,2.23.F5
4,3,2.24.E1
4,3,2.20.D3
4,3,2.20.G6
4,3,2.19.F1
4,3,2.27.H5
4,3,2.28.E1
4,3,2.20.A4
4,3,2.28.G2
4,3,2.23.B3
4,3,2.23.A1
4,3,2.28.A2
4,3,2.21.E3
4,3,2.16.B1
4,3,2.23.F2
4,3,2.22.C1
4,3,2.20.H5
4,3,2.27.D5
4,3,2.26.B6
4,3,2.27.D3
4,3,2.17.F1
4,3,2.24.E4
4,3,2.24.G6
4,3,2.19.B1
4,3,2.28.F3
4,3,2.24.C1
4,3,2.23.G2
4,3,2.25.F2
4,3,2.27.A1
4,3,2.17.E6
4,3,2.24.F5
4,3,2.15.C1
4,4,2.19.C2
4,4,2.19.H1
4,4,2.26.G5
4,4,2.18.A1
4,4,2.17.G2
4,4,2.20.D6
4,4,2.26.A4
4,4,2.20.B2
4,4,2.15.A1
4,4,2.24.B3
4,4,2.15.H1
4,4,2.25.G1
4,4,2.22.B5
4,4,2.20.G4
4,4,2.25.G4
4,4,2.24.E2
4,4,2.23.F6
4,4,2.17.B2
4,4,2.17.E4
4,4,2.16.C1
4,4,2.23.A5
4,4,2.24.F2
4,4,2.22.E1
4,4,2.17.D1
4,4,2.16.G6
4,4,2.22.F6
4,4,2.18.C5
4,4,2.24.D2
4,4,2.22.H2
4,4,2.24.G2
4,4,2.18.E3
4,4,2.18.F3
4,4,2.19.C4
4,4,2.17.D6
4,4,2.21.G8
4,4,2.21.A3
4,4,2.21.B3
4,4,2.17.H2
4,4,2.19.F3
4,4,2.16.F4
4,4,2.26.D6
4,4,2.15.G1
4,4,2.25.D6
4,4,2.22.G4
4,4,2.17.G6
4,4,2.23.B5
4,4,2.26.G6
5,1,3.35.H1
5,1,3.39.A1
5,1,3.40.B2
5,1,3.36.G3
5,1,3.34.A6
5,1,3.34.E2
5,1,3.41.D4
5,1,3.39.E1
5,1,3.36.F5
5,1,3.29.C4
5,1,3.42.D2
5,1,3.31.A6
5,1,3.31.H1
5,1,3.36.C6
5,1,3.38.D2
5,1,3.39.D4
5,1,3.42.D3
5,1,3.30.C1
5,1,3.41.H1
5,1,3.31.D1
5,1,3.37.F5
5,1,3.31.F6
5,1,3.33.G2
5,1,3.39.H5
5,1,3.32.F5
5,1,3.30.C2
5,1,3.35.H6
5,1,3.40.H1
5,1,3.39.D3
5,1,3.41.G2
5,1,3.33.D1
5,1,3.37.H2
5,1,3.29.C2
5,1,3.39.G6
5,1,3.29.B1
5,1,3.36.F1
5,1,3.38.C3
5,1,3.37.H5
5,1,3.41.F5
5,1,3.31.D4
5,1,3.33.D3
5,1,3.40.C1
5,1,3.34.F3
5,1,3.30.E5
5,1,3.31.C4
5,1,3.35.A2
5,1,3.38.A5
5,1,3.41.E3
5,1,3.31.H3
5,1,3.32.D6
5,1,3.38.B5
5,1,3.39.A5
5,1,3.38.G2
5,1,3.30.G1
5,1,3.41.D2
5,1,3.29.F3
5,1,3.37.D6
5,1,3.36.E2
5,1,3.38.C6
5,1,3.32.A3
5,1,3.30.H2
5,1,3.41.C2
5,1,3.37.C5
5,1,3.31.E2
5,1,3.41.H3
5,1,3.42.C3
5,1,3.32.C2
5,1,3.30.A4
5,1,3.41.B5
5,1,3.42.E2
5,1,3.37.H1
5,1,3.32.A2
5,1,3.29.H2
5,1,3.30.D2
5,1,3.39.A2
5,1,3.30.G2
5,1,3.35.C5
5,2,3.33.H5
5,2,3.31.H4
5,2,3.31.B3
5,2,3.41.B3
5,2,3.32.B4
5,2,3.33.A4
5,2,3.29.B6
5,2,3.35.C2
5,2,3.31.G6
5,2,3.36.F2
5,2,3.32.D3
5,2,3.36.D1
5,2,3.29.H3
5,2,3.39.G4
5,2,3.37.G6
5,2,3.40.D1
5,2,3.37.D5
5,2,3.40.B4
5,2,3.31.E3
5,2,3.39.H2
5,2,3.38.C4
5,2,3.37.G2
5,2,3.31.G2
5,2,3.38.C2
5,2,3.36.H2
5,2,3.40.H2
5,2,3.40.E1
5,2,3.39.C5
5,2,3.37.E4
5,2,3.36.A2
5,2,3.40.D3
5,2,3.35.G4
5,2,3.41.E2
5,2,3.35.F2
5,2,3.41.F1
5,2,3.40.D4
5,2,3.36.E5
5,2,3.35.D1
5,2,3.34.A4
5,2,3.29.F2
5,2,3.41.G4
5,2,3.32.H2
5,2,3.32.G1
5,2,3.29.A1
5,2,3.29.B4
5,2,3.30.B4
5,2,3.33.F1
5,2,3.35.B1
5,2,3.38.D1
5,2,3.33.B2
5,2,3.30.G6
5,2,3.34.B4
5,2,3.36.B1
5,2,3.38.B4
5,2,3.41.G1
5,2,3.33.G3
5,2,3.33.G4
5,2,3.29.F6
5,2,3.41.B2
5,2,3.33.E2
5,2,3.29.D4
5,2,3.41.G3
5,2,3.34.C3
5,2,3.35.C4
5,2,3.41.A3
5,2,3.36.F4
5,2,3.40.A3
5,2,3.30.E2
5,2,3.33.B1
5,2,3.39.E5
5,2,3.33.C4
5,2,3.41.B1
5,2,3.40.C2
5,2,3.30.E1
5,2,3.38.A6
5,2,3.38.E3
5,3,3.35.E3
5,3,3.30.E6
5,3,3.36.B2
5,3,3.34.D6
5,3,3.37.C2
5,3,3.38.H5
5,3,3.29.E4
5,3,3.41.B4
5,3,3.31.F1
5,3,3.30.C3
5,3,3.42.B2
5,3,3.36.H3
5,3,3.41.A5
5,3,3.30.D1
5,3,3.29.D5
5,3,3.33.D2
5,3,3.30.H3
5,3,3.39.D1
5,3,3.40.H3
5,3,3.39.F5
5,3,3.32.C3
5,3,3.34.H6
5,3,3.38.F4
5,3,3.39.C1
5,3,3.35.F3
5,3,3.38.F6
5,3,3.30.E4
5,3,3.38.F3
5,3,3.35.B4
5,3,3.31.D2
5,3,3.41.C3
5,3,3.36.D5
5,3,3.41.F6
5,3,3.34.D1
5,3,3.39.C2
5,3,3.36.E4
5,3,3.32.G2
5,3,3.36.D3
5,3,3.41.B6
5,3,3.33.C6
5,3,3.37.G4
5,3,3.36.E3
5,3,3.32.H6
5,3,3.34.D3
5,3,3.33.A3
5,3,3.30.D5
5,3,3.35.D6
5,3,3.35.C6
5,3,3.31.E6
5,3,3.31.E4
5,3,3.40.C6
5,3,3.29.C6
5,3,3.39.H4
5,3,3.40.E2
5,3,3.32.A5
5,3,3.30.G4
5,3,3.38.G5
5,3,3.31.D5
5,3,3.38.A4
5,3,3.41.C4
5,3,3.31.B2
5,3,3.35.F4
5,3,3.33.G1
5,3,3.32.C5
5,3,3.33.E1
5,3,3.34.F4
5,3,3.30.F2
5,3,3.36.D2
5,3,3.29.F5
5,3,3.35.G1
5,3,3.39.D5
5,3,3.38.F5
5,3,3.35.B5
5,3,3.29.G1
5,3,3.32.H3
5,3,3.35.E4
5,3,3.34.C4
5,3,3.29.E3
5,4,3.31.A4
5,4,3.38.H1
5,4,3.40.H4
5,4,3.37.C6
5,4,3.40.F5
5,4,3.37.C3
5,4,3.39.F2
5,4,3.36.G5
5,4,3.32.C6
5,4,3.37.A6
5,4,3.32.B1
5,4,3.36.C4
5,4,3.30.F6
5,4,3.42.G1
5,4,3.34.C2
5,4,3.36.A4
5,4,3.35.E2
5,4,3.39.A3
5,4,3.40.A4
5,4,3.30.F4
5,4,3.30.C4
5,4,3.34.A2
5,4,3.29.A6
5,4,3.32.E6
5,4,3.29.A3
6,1,3.37.B4
6,1,3.32.B6
6,1,3.40.B6
6,1,3.34.B6
6,1,3.33.E3
6,1,3.37.A4
6,1,3.31.F4
6,1,3.38.B6
6,1,3.29.C3
6,1,3.30.G3
6,1,3.42.H1
6,1,3.37.A2
6,1,3.40.D2
6,1,3.30.B5
6,1,3.35.D3
6,1,3.35.E6
6,1,3.37.B6
6,1,3.38.G3
6,1,3.40.B5
6,1,3.39.E5
6,1,3.39.B1
6,1,3.36.G2
6,1,3.42.F3
6,1,3.36.E1
6,1,3.32.D2
6,1,3.36.B4
6,1,3.32.C4
6,1,3.40.G5
6,1,3.35.E5
6,1,3.33.E6
6,1,3.29.D6
6,1,3.32.A1
6,1,3.32.F4
6,1,3.35.B2
6,1,3.36.C5
6,1,3.30.A2
6,1,3.32.G6
6,1,3.38.B2
6,1,3.33.H6
6,1,3.39.B6
6,1,3.37.E3
6,1,3.32.E4
6,1,3.34.H5
6,1,3.33.F2
6,1,3.41.C5
6,1,3.33.C3
6,1,3.31.F5
6,1,3.42.C2
6,1,3.30.E3
6,1,3.40.C3
6,1,3.30.D3
6,1,3.38.A3
6,1,3.37.E2
6,1,3.42.C1
6,1,3.42.A2
6,1,3.29.G6
6,1,3.31.E5
6,1,3.41.D3
6,1,3.42.G2
6,1,3.30.A5
6,1,3.41.F4
6,1,3.32.H1
6,1,3.31.C3
6,1,3.42.E3
6,1,3.29.C1
6,1,3.40.A6
6,1,3.34.D4
6,1,3.40.A1
6,1,3.30.B6
6,1,3.32.D4
6,1,3.35.D2
6,1,3.40.E6
6,1,3.31.G1
6,1,3.34.F1
6,1,3.37.H4
6,1,3.29.H6
6,1,3.31.B1
6,2,3.29.G5
6,2,3.40.G2
6,2,3.31.B5
6,2,3.38.D3
6,2,3.35.H4
6,2,3.31.D3
6,2,3.29.E1
6,2,3.29.H4
6,2,3.40.F1
6,2,3.41.E6
6,2,3.38.G4
6,2,3.37.H6
6,2,3.33.F6
6,2,3.32.H4
6,2,3.37.C4
6,2,3.31.B4
6,2,3.38.G1
6,2,3.31.H6
6,2,3.41.D5
6,2,3.41.H5
6,2,3.39.G2
6,2,3.39.G1
6,2,3.36.H4
6,2,3.33.A1
6,2,3.38.C5
6,2,3.30.A1
6,2,3.33.C2
6,2,3.36.D4
6,2,3.40.F6
6,2,3.29.E6
6,2,3.34.E1
6,2,3.39.A6
6,2,3.31.F2
6,2,3.39.F6
6,2,3.29.A2
6,2,3.40.C4
6,2,3.32.E5
6,2,3.40.G3
6,2,3.31.C5 
6,2,3.34.F6
6,2,3.29.A4
6,2,3.40.E5
6,2,3.38.D4
6,2,3.36.G1
6,2,3.39.A4
6,2,3.32.G4
6,2,3.38.C1
6,2,3.36.E6
6,2,3.41.H4
6,2,3.36.F6
6,2,3.38.H4
6,2,3.30.A6
6,2,3.40.D5
6,2,3.37.G5
6,2,3.37.D1
6,2,3.35.F6
6,2,3.36.H6
6,2,3.39.C4
6,2,3.37.F6
6,2,3.34.A5
6,2,3.37.B5
6,2,3.35.G6
6,2,3.31.C6
6,2,3.35.F1
6,2,3.36.B5
6,2,3.35.B3
6,2,3.34.D2
6,2,3.41.D1
6,2,3.34.E6
6,2,3.39.E6
6,2,3.34.G4
6,2,3.40.F3
6,2,3.38.E1
6,2,3.31.A5
6,2,3.34.A3
6,2,3.39.D6
6,3,3.31.E1
6,3,3.33.D5
6,3,3.34.G6
6,3,3.39.B2
6,3,3.30.F1
6,3,3.29.E5
6,3,3.33.F5
6,3,3.33.B5
6,3,3.32.F1
6,3,3.37.D3
6,3,3.29.A5
6,3,3.32.B2
6,3,3.41.C6
6,3,3.29.G3
6,3,3.33.A5
6,3,3.41.A1
6,3,3.34.C1
6,3,3.34.C6
6,3,3.41.E4
6,3,3.40.B1
6,3,3.38.A2
6,3,3.38.D6
6,3,3.36.G4
6,3,3.41.H6
6,3,3.32.G5
6,3,3.30.G5
6,3,3.40.G4
6,3,3.31.H5
6,3,3.33.F4
6,3,3.30.H1
6,3,3.34.E3
6,3,3.32.E2
6,3,3.34.C5
6,3,3.38.G6
6,3,3.31.D6
6,3,3.34.H3
6,3,3.37.A1
6,3,3.34.G1
6,3,3.39.B5
6,3,3.33.A6
6,3,3.33.E4
6,3,3.36.B3
6,3,3.29.G2
6,3,3.34.B5
6,3,3.34.G5
6,3,3.36.F3
6,3,3.39.F1
6,3,3.30.F3
6,3,3.33.E5
6,3,3.40.G6
6,3,3.39.H6
6,3,3.37.E1
6,3,3.31.C1
6,3,3.33.F3
6,3,3.33.B6
6,3,3.38.E5
6,3,3.35.G3
6,3,3.40.D6
6,3,3.37.B3
6,3,3.30.D4
6,3,3.29.B2
6,3,3.40.C5
6,3,3.37.A5
6,3,3.34.E4
6,3,3.33.H3
6,3,3.36.A3
6,3,3.29.H1
6,3,3.40.H6
6,3,3.38.A1
6,3,3.35.F5
6,3,3.29.C5
6,3,3.34.E5
6,3,3.38.B3
6,3,3.31.A3
6,3,3.32.E1
6,3,3.36.A1
6,3,3.41.G6
6,3,3.35.G5
6,3,3.34.B1
6,3,3.35.G2
6,3,3.33.C5
6,4,3.35.H5
6,4,3.32.D5
6,4,3.32.F3
6,4,3.42.F2
6,4,3.38.E6
6,4,3.34.H2
6,4,3.37.A3
6,4,3.36.H5
6,4,3.29.E2
6,4,3.35.H3
6,4,3.37.G1
6,4,3.34.D5
6,4,3.38.H3
6,4,3.41.A6
6,4,3.30.H6
6,4,3.30.D6
6,4,3.35.A6
6,4,3.38.F2
6,4,3.36.C1
6,4,3.35.B6
6,4,3.36.A6
6,4,3.36.H1
6,4,3.37.F2
6,4,3.34.B3
6,4,3.38.E4
6,4,3.37.B2
6,4,3.40.E4
6,4,3.29.B5
6,4,3.39.H3
6,4,3.39.H1
6,4,3.30.C5
6,4,3.34.G2
6,4,3.40.A2
6,4,3.29.H5
6,4,3.35.D4
6,4,3.40.A5
6,4,3.34.H4
6,4,3.41.C1
6,4,3.33.D4
6,4,3.31.C2
6,4,3.31.A1
6,4,3.34.F2
6,4,3.38.E2
6,4,3.29.D1
6,4,3.32.C1
6,4,3.33.D6
6,4,3.32.F6
6,4,3.30.B1
6,4,3.39.B3
6,4,3.36.C3
6,4,3.33.B4
6,4,3.39.F3
6,4,3.33.G5
6,4,3.32.A6
6,4,3.35.A4
6,4,3.37.B1
6,4,3.37.F3
6,4,3.41.D6
6,4,3.38.F1
6,4,3.36.B6
6,4,3.40.F2
6,4,3.42.A3
6,4,3.33.G6
6,4,3.39.E3
6,4,3.34.F5
6,4,3.42.F1
6,4,3.37.H3
6,4,3.33.H2
6,4,3.29.D3
6,4,3.34.G3
6,4,3.32.D1
6,4,3.35.C1
6,4,3.41.A2
6,4,3.42.D1
