id,cohort,tray,row,col,genotype,generation
1348,1,1,A,1,5865,parent
814,1,1,A,2,6965x9412 rep1,F8
25,1,1,A,3,1063x1435 rep1,F8
760,1,1,A,4,6252x6202 rep1,F8
202,1,1,A,5,6025x6046 rep2,F8
1000,1,1,A,6,9323x8369 rep1,F8
1030,1,1,B,1,9353x6109 rep1,F8
1843,1,1,B,2,9391,parent
1045,1,1,B,3,9369x9434 rep1,F8
775,1,1,B,4,6258x1257 rep2,F8
1792,1,1,B,5,9332,parent
43,1,1,B,6,1158x6092 rep1,F8
583,1,1,C,1,6173x9383 rep1,F8
1027,1,1,C,2,9352x8422 rep2,F8
268,1,1,C,3,6064x9404 rep2,F8
835,1,1,C,4,7517x6284 rep2,F8
1006,1,1,C,5,9332x6413 rep1,F8
592,1,1,C,6,6177x6023 rep2,F8
181,1,1,D,1,6021x9407 rep2,F8
388,1,1,D,2,6109x9343 rep1,F8
1645,1,1,D,3,6220,parent
7,1,1,D,4,1002x6244 rep1,F8
319,1,1,D,5,6088x9386 rep2,F8
1807,1,1,D,6,9353,parent
1912,1,1,E,1,9454,parent
1882,1,1,E,2,9416,parent
1165,1,1,E,3,9413x8423 rep2,F8
271,1,1,E,4,6069x9470 rep1,F8
430,1,1,E,5,6125x6099 rep2,F8
1375,1,1,E,6,6023,parent
127,1,1,F,1,5856x9452 rep1,F8
382,1,1,F,2,6107x6128 rep2,F8
1024,1,1,F,3,9352x8422 rep1,F8
886,1,1,F,4,8242x6171 rep1,F8
76,1,1,F,5,1367x8256 rep2,F8
1555,1,1,F,6,6149,parent
1915,1,1,G,1,9455,parent
1870,1,1,G,2,9408,parent
493,1,1,G,3,6138x6122 rep1,F8
82,1,1,G,4,1435x6240 rep2,F8
55,1,1,G,5,1257x8334 rep1,F8
1159,1,1,G,6,9412x6024 rep2,F8
1636,1,1,H,1,6216,parent
997,1,1,H,2,9321x6189 rep2,F8
976,1,1,H,3,8426x6193 rep1,F8
190,1,1,H,4,6024x1367 rep2,F8
1489,1,1,H,5,6112,parent
235,1,1,H,6,6039x5835 rep1,F8
922,1,2,A,1,8307x9481 rep1,F8
484,1,2,A,2,6136x6064 rep2,F8
631,1,2,A,3,6193x9394 rep1,F8
196,1,2,A,4,6024x6124 rep2,F8
1687,1,2,A,5,6413,parent
1273,1,2,A,6,992x9332 rep2,F8
322,1,2,B,1,6090x9416 rep1,F8
1153,1,2,B,2,9409x6104 rep2,F8
1237,1,2,B,3,9455x9371 rep2,F8
316,1,2,B,4,6088x9386 rep1,F8
1279,1,2,B,5,997x8307 rep2,F8
1819,1,2,B,6,9371,parent
376,1,2,C,1,6106x6071 rep2,F8
214,1,2,C,2,6034x6231 rep2,F8
664,1,2,C,3,6201x9399 rep2,F8
1900,1,2,C,4,9450,parent
115,1,2,C,5,5831x8237 rep1,F8
1672,1,2,C,6,6252,parent
619,1,2,D,1,6192x1062 rep1,F8
649,1,2,D,2,6197x6127 rep1,F8
61,1,2,D,3,1317x6276 rep1,F8
514,1,2,D,4,6145x8247 rep2,F8
1906,1,2,D,5,9452,parent
1885,1,2,D,6,9421,parent
919,1,2,E,1,8283x9471 rep2,F8
1324,1,2,E,2,1552,parent
1243,1,2,E,3,9470x6107 rep2,F8
691,1,2,E,4,6216x6258 rep1,F8
1396,1,2,E,5,6038,parent
217,1,2,E,6,6035x9433 rep1,F8
1246,1,2,F,1,9471x9450 rep1,F8
1399,1,2,F,2,6039,parent
1717,1,2,F,3,8230,parent
1774,1,2,F,4,8423,parent
826,1,2,F,5,6974x6198 rep1,F8
1195,1,2,F,6,9434x6177 rep2,F8
640,1,2,G,1,6194x1061 rep2,F8
340,1,2,G,2,6097x1318 rep1,F8
1606,1,2,G,3,6193,parent
520,1,2,G,4,6148x6138 rep2,F8
1306,1,2,G,5,1257,parent
28,1,2,G,6,1063x1435 rep2,F8
1528,1,2,H,1,6133,parent
1378,1,2,H,2,6024,parent
682,1,2,H,3,6209x6151 rep2,F8
1669,1,2,H,4,6244,parent
499,1,2,H,5,6140x9388 rep1,F8
1390,1,2,H,6,6035,parent
1129,1,3,A,1,9404x9390 rep2,F8
1513,1,3,A,2,6126,parent
808,1,3,A,3,6918x9323 rep1,F8
112,1,3,A,4,5830x6085 rep2,F8
1087,1,3,A,5,9390x8283 rep2,F8
436,1,3,A,6,6126x6172 rep2,F8
733,1,3,B,1,6238x6105 rep2,F8
364,1,3,B,2,6104x6034 rep2,F8
1342,1,3,B,3,5835,parent
424,1,3,B,4,6124x6184 rep2,F8
1117,1,3,B,5,9399x6097 rep2,F8
871,1,3,B,6,8237x6194 rep2,F8
205,1,3,C,1,6030x992 rep1,F8
1609,1,3,C,2,6194,parent
10,1,3,C,3,1002x6244 rep2,F8
1654,1,3,C,4,6237,parent
409,1,3,C,5,6115x1585 rep2,F8
1147,1,3,C,6,9408x9352 rep2,F8
130,1,3,D,1,5856x9452 rep2,F8
118,1,3,D,2,5831x8237 rep2,F8
1519,1,3,D,3,6128,parent
1498,1,3,D,4,6115,parent
1510,1,3,D,5,6125,parent
892,1,3,D,6,8247x6154 rep1,F8
1846,1,3,E,1,9392,parent
1054,1,3,E,2,9380x1063 rep1,F8
898,1,3,E,3,8256x8376 rep1,F8
1021,1,3,E,4,9343x8259 rep2,F8
163,1,3,E,5,6017x9392 rep2,F8
1123,1,3,E,6,9402x6169 rep2,F8
907,1,3,F,1,8258x6115 rep2,F8
1840,1,3,F,2,9390,parent
1933,1,3,F,3,992,parent
91,1,3,F,4,1585x9427 rep1,F8
574,1,3,F,5,6171x6074 rep2,F8
1936,1,3,F,6,997,parent
856,1,3,G,1,8230x6195 rep1,F8
1075,1,3,G,2,9386x6171 rep2,F8
616,1,3,G,3,6191x6965 rep2,F8
1798,1,3,G,4,9339,parent
1573,1,3,G,5,6166,parent
1258,1,3,G,6,9481x9399 rep1,F8
877,1,3,H,1,8240x6036 rep2,F8
1666,1,3,H,2,6243,parent
1447,1,3,H,3,6092,parent
79,1,3,H,4,1435x6240 rep1,F8
103,1,3,H,5,5829x9336 rep1,F8
1072,1,3,H,6,9386x6171 rep1,F8
1864,1,4,A,1,9405,parent
799,1,4,A,2,6913x6149 rep2,F8
553,1,4,A,3,6163x9405 rep1,F8
853,1,4,A,4,8227x6216 rep2,F8
1876,1,4,A,5,9412,parent
1771,1,4,A,6,8422,parent
256,1,4,B,1,6043x9453 rep2,F8
1549,1,4,B,2,6145,parent
925,1,4,B,3,8307x9481 rep2,F8
1360,1,4,B,4,6013,parent
1114,1,4,B,5,9399x6097 rep1,F8
229,1,4,B,6,6036x6203 rep1,F8
295,1,4,C,1,6074x9421 rep2,F8
454,1,4,C,2,6131x6113 rep2,F8
1096,1,4,C,3,9391x9353 rep1,F8
1633,1,4,C,4,6210,parent
1051,1,4,C,5,9371x6021 rep2,F8
715,1,4,C,6,6221x9455 rep1,F8
1453,1,4,D,1,6097,parent
946,1,4,D,2,8376x6201 rep1,F8
1888,1,4,D,3,9427,parent
1534,1,4,D,4,6136,parent
241,1,4,D,5,6040x6041 rep1,F8
1699,1,4,D,6,6965,parent
1546,1,4,E,1,6142,parent
34,1,4,E,2,1137x1074 rep2,F8
70,1,4,E,3,1318x6035 rep2,F8
1720,1,4,E,4,8231,parent
1627,1,4,E,5,6203,parent
622,1,4,E,6,6192x1062 rep2,F8
652,1,4,F,1,6197x6127 rep2,F8
1003,1,4,F,2,9323x8369 rep2,F8
1423,1,4,F,3,6071,parent
1486,1,4,F,4,6111,parent
1276,1,4,F,5,997x8307 rep1,F8
1621,1,4,F,6,6201,parent
1810,1,4,G,1,9356,parent
1414,1,4,G,2,6064,parent
736,1,4,G,3,6240x5831 rep1,F8
1318,1,4,G,4,1367,parent
1795,1,4,G,5,9336,parent
94,1,4,G,6,1585x9427 rep2,F8
1300,1,4,H,1,1158,parent
421,1,4,H,2,6124x6184 rep1,F8
727,1,4,H,3,6237x6090 rep2,F8
19,1,4,H,4,1062x6108 rep1,F8
226,1,4,H,5,6036x1318 rep2,F8
1594,1,4,H,6,6184,parent
829,1,5,A,1,6974x6198 rep2,F8
1102,1,5,A,2,9392x6073 rep1,F8
262,1,5,A,3,6046x6191 rep2,F8
1471,1,5,A,4,6105,parent
1579,1,5,A,5,6171,parent
442,1,5,A,6,6127x6918 rep2,F8
403,1,5,B,1,6114x9381 rep2,F8
1174,1,5,B,2,9421x8256 rep1,F8
901,1,5,B,3,8256x8376 rep2,F8
373,1,5,B,4,6106x6071 rep1,F8
1741,1,5,B,5,9369x9434_rep2,parent
1543,1,5,B,6,6140,parent
757,1,5,C,1,6244x6173 rep2,F8
745,1,5,C,2,6241x1552 rep2,F8
337,1,5,C,3,6094x9369 rep2,F8
385,1,5,C,4,6108x6192 rep2,F8
688,1,5,C,5,6210x6134 rep2,F8
346,1,5,C,6,6098x9451 rep1,F8
1867,1,5,D,1,9407,parent
973,1,5,D,2,8423x8240 rep2,F8
1186,1,5,D,3,9433x6030 rep1,F8
1858,1,5,D,4,9402,parent
37,1,5,D,5,1137x6237 rep1,F8
646,1,5,D,6,6195x1074 rep2,F8
817,1,5,E,1,6965x9412 rep2,F8
1552,1,5,E,2,6148,parent
991,1,5,E,3,9058x6112 rep2,F8
175,1,5,E,4,6020x6030 rep2,F8
1618,1,5,E,5,6198,parent
889,1,5,E,6,8242x6171 rep2,F8
40,1,5,F,1,1137x6237 rep2,F8
13,1,5,F,2,1061x6131 rep1,F8
1516,1,5,F,3,6127,parent
793,1,5,F,4,6413x8351 rep2,F8
1105,1,5,F,5,9392x6073 rep2,F8
292,1,5,F,6,6074x9421 rep1,F8
310,1,5,G,1,6086x8222 rep1,F8
148,1,5,G,2,6012x997 rep1,F8
49,1,5,G,3,1254x6076 rep1,F8
1225,1,5,G,4,9453x6106 rep2,F8
529,1,5,G,5,6150x6218 rep1,F8
400,1,5,G,6,6114x9381 rep1,F8
1678,1,5,H,1,6258,parent
64,1,5,H,2,1317x6276 rep2,F8
1438,1,5,H,3,6086,parent
895,1,5,H,4,8247x6154 rep2,F8
100,1,5,H,5,175x6913 rep2,F8
538,1,5,H,6,6151x9408 rep2,F8
787,1,6,A,1,6284x5830 rep2,F8
16,1,6,A,2,1061x6131 rep2,F8
166,1,6,A,3,6019x6012 rep1,F8
352,1,6,A,4,6099x9394 rep2,F8
250,1,6,A,5,6041x6153 rep2,F8
1210,1,6,A,6,9451x9437 rep1,F8
721,1,6,B,1,6231x6039 rep2,F8
1690,1,6,B,2,6913,parent
391,1,6,B,3,6109x9343 rep2,F8
85,1,6,B,4,1552x1158 rep1,F8
1684,1,6,B,5,6284,parent
784,1,6,B,6,6284x5830 rep1,F8
601,1,6,C,1,6184x6025 rep1,F8
136,1,6,C,2,5865x8426 rep2,F8
658,1,6,C,3,6198x6118 rep2,F8
238,1,6,C,4,6039x5835 rep2,F8
1711,1,6,C,5,8222,parent
502,1,6,C,6,6140x9388 rep2,F8
643,1,6,D,1,6195x1074 rep1,F8
613,1,6,D,2,6191x6965 rep1,F8
949,1,6,D,3,8376x6201 rep2,F8
1765,1,6,D,4,8386,parent
280,1,6,D,5,6070x6019 rep2,F8
358,1,6,D,6,6100x6069 rep2,F8
1756,1,6,E,1,8351,parent
868,1,6,E,2,8237x6194 rep1,F8
1294,1,6,E,3,1074,parent
379,1,6,E,4,6107x6128 rep1,F8
1921,1,6,E,5,9471,parent
763,1,6,E,6,6252x6202 rep2,F8
742,1,6,F,1,6241x1552 rep1,F8
1873,1,6,F,2,9409,parent
1264,1,6,F,3,991x6210 rep1,F8
1177,1,6,F,4,9421x8256 rep2,F8
1282,1,6,F,5,1002,parent
937,1,6,F,6,8351x6150 rep2,F8
1009,1,6,G,1,9332x6413 rep2,F8
820,1,6,G,2,6974x6102 rep1,F8
1417,1,6,G,3,6069,parent
1726,1,6,G,4,8240,parent
1267,1,6,G,5,991x6210 rep2,F8
934,1,6,G,6,8351x6150 rep1,F8
1567,1,6,H,1,6154,parent
880,1,6,H,2,8241x1137 rep1,F8
1363,1,6,H,3,6017,parent
1897,1,6,H,4,9437,parent
724,1,6,H,5,6237x6090 rep1,F8
73,1,6,H,6,1367x8256 rep1,F8
265,1,7,A,1,6064x9404 rep1,F8
1582,1,7,A,2,6172,parent
1261,1,7,A,3,9481x9399 rep2,F8
1204,1,7,A,4,9450x9356 rep1,F8
184,1,7,A,5,6023x9380 rep1,F8
157,1,7,A,6,6013x8241 rep2,F8
1108,1,7,B,1,9395x9454 rep1,F8
220,1,7,B,2,6035x9433 rep2,F8
928,1,7,B,3,8334x8231 rep1,F8
187,1,7,B,4,6024x1367 rep1,F8
874,1,7,B,5,8240x6036 rep1,F8
1708,1,7,B,6,7519,parent
286,1,7,C,1,6071x6145 rep2,F8
1156,1,7,C,2,9412x6024 rep1,F8
625,1,7,C,3,6193x6133 rep1,F8
1168,1,7,C,4,9416x6086 rep1,F8
1015,1,7,C,5,9336x6220 rep2,F8
1426,1,7,C,6,6073,parent
823,1,7,D,1,6974x6102 rep2,F8
1927,1,7,D,2,9481,parent
796,1,7,D,3,6913x6149 rep1,F8
628,1,7,D,4,6193x6133 rep2,F8
1657,1,7,D,5,6238,parent
706,1,7,D,6,6218x6043 rep2,F8
952,1,7,E,1,8386x6241 rep1,F8
1474,1,7,E,2,6106,parent
1828,1,7,E,3,9382,parent
1459,1,7,E,4,6099,parent
481,1,7,E,5,6136x6064 rep1,F8
1813,1,7,E,6,9363,parent
1393,1,7,F,1,6036,parent
223,1,7,F,2,6036x1318 rep1,F8
133,1,7,F,3,5865x8426 rep1,F8
700,1,7,F,4,6217x6126 rep2,F8
313,1,7,F,5,6086x8222 rep2,F8
277,1,7,F,6,6070x6019 rep1,F8
1255,1,7,G,1,9476x991 rep2,F8
739,1,7,G,2,6240x5831 rep2,F8
496,1,7,G,3,6138x6122 rep2,F8
1855,1,7,G,4,9399,parent
1387,1,7,G,5,6034,parent
916,1,7,G,6,8283x9471 rep1,F8
634,1,7,H,1,6193x9394 rep2,F8
1693,1,7,H,2,6917,parent
988,1,7,H,3,9058x6112 rep1,F8
1738,1,7,H,4,8256,parent
550,1,7,H,5,6163x6111 rep2,F8
1651,1,7,H,6,6231,parent
1405,1,8,A,1,6041,parent
1681,1,8,A,2,6276,parent
1150,1,8,A,3,9409x6104 rep1,F8
367,1,8,A,4,6105x5829 rep1,F8
955,1,8,A,5,8386x6241 rep2,F8
1093,1,8,A,6,9391x5867 rep2,F8
790,1,8,B,1,6413x8351 rep1,F8
1180,1,8,B,2,9427x8387 rep1,F8
1924,1,8,B,3,9476,parent
1063,1,8,B,4,9381x6198 rep2,F8
1384,1,8,B,5,6030,parent
1012,1,8,B,6,9336x6220 rep1,F8
1402,1,8,C,1,6040,parent
685,1,8,C,2,6210x6134 rep1,F8
1270,1,8,C,3,992x9332 rep1,F8
1336,1,8,C,4,5830,parent
472,1,8,C,5,6133x6917 rep2,F8
1171,1,8,C,6,9416x6086 rep2,F8
511,1,8,D,1,6145x8247 rep1,F8
1309,1,8,D,2,1317,parent
589,1,8,D,3,6177x6023 rep1,F8
718,1,8,D,4,6231x6039 rep1,F8
970,1,8,D,5,8423x8240 rep1,F8
1879,1,8,D,6,9413,parent
154,1,8,E,1,6013x8241 rep1,F8
985,1,8,E,2,9057x9382 rep2,F8
1189,1,8,E,3,9433x6030 rep2,F8
1090,1,8,E,4,9391x5867 rep1,F8
1084,1,8,E,5,9390x8283 rep1,F8
1312,1,8,E,6,1318,parent
1201,1,8,F,1,9437x6197 rep2,F8
397,1,8,F,2,6112x6166 rep2,F8
1351,1,8,F,3,5867,parent
1111,1,8,F,4,9395x9454 rep2,F8
355,1,8,F,5,6100x6069 rep1,F8
943,1,8,F,6,8369x6132 rep2,F8
532,1,8,G,1,6150x6218 rep2,F8
445,1,8,G,2,6128x9413 rep1,F8
469,1,8,G,3,6133x6917 rep1,F8
1783,1,8,G,4,9058,parent
475,1,8,G,5,6134x6013 rep1,F8
523,1,8,G,6,6149x9395 rep1,F8
1504,1,8,H,1,6122,parent
1198,1,8,H,2,9437x6197 rep1,F8
487,1,8,H,3,6137x5867 rep1,F8
439,1,8,H,4,6127x6918 rep1,F8
1456,1,8,H,5,6098,parent
958,1,8,H,6,8387x6238 rep1,F8
1420,1,9,A,1,6070,parent
1432,1,9,A,2,6076,parent
979,1,9,A,3,8426x6193 rep2,F8
1849,1,9,A,4,9394,parent
1144,1,9,A,5,9408x9352 rep1,F8
1570,1,9,A,6,6163,parent
931,1,9,B,1,8334x8231 rep2,F8
334,1,9,B,2,6094x9369 rep1,F8
199,1,9,B,3,6025x6046 rep1,F8
1078,1,9,B,4,9388x9057 rep1,F8
1750,1,9,B,5,8307,parent
169,1,9,B,6,6019x6012 rep2,F8
1558,1,9,C,1,6150,parent
838,1,9,C,2,7519x6111 rep1,F8
22,1,9,C,3,1062x6108 rep2,F8
1219,1,9,C,4,9452x6114 rep2,F8
1183,1,9,C,5,9427x8387 rep2,F8
151,1,9,C,6,6012x997 rep2,F8
1213,1,9,D,1,9451x9437 rep2,F8
961,1,9,D,2,8387x6238 rep2,F8
478,1,9,D,3,6134x6013 rep2,F8
1732,1,9,D,4,8242,parent
562,1,9,D,5,6166x7519 rep2,F8
1639,1,9,D,6,6217,parent
1591,1,9,E,1,6180,parent
517,1,9,E,2,6148x6138 rep1,F8
778,1,9,E,3,6276x9363 rep1,F8
994,1,9,E,4,9321x6189 rep1,F8
1780,1,9,E,5,9057,parent
982,1,9,E,6,9057x9382 rep1,F8
67,1,9,F,1,1318x6035 rep1,F8
253,1,9,F,2,6043x9453 rep1,F8
4,1,9,F,3,1002x6038 rep2,F8
1702,1,9,F,4,6974,parent
505,1,9,F,5,6142x7517 rep1,F8
1615,1,9,F,6,6197,parent
343,1,9,G,1,6097x1318 rep2,F8
571,1,9,G,2,6171x6074 rep1,F8
883,1,9,G,3,8241x1137 rep2,F8
1,1,9,G,4,1002x6038 rep1,F8
703,1,9,G,5,6218x6043 rep1,F8
730,1,9,G,6,6238x6105 rep1,F8
1696,1,9,H,1,6918,parent
847,1,9,H,2,8222x6243 rep2,F8
1501,1,9,H,3,6118,parent
1894,1,9,H,4,9434,parent
1522,1,9,H,5,6131,parent
544,1,9,H,6,6154x6221 rep2,F8
106,1,10,A,1,5829x9336 rep2,F8
247,1,10,A,2,6041x6153 rep1,F8
1285,1,10,A,3,1061,parent
433,1,10,A,4,6126x6172 rep1,F8
139,1,10,A,5,5867x6913 rep1,F8
298,1,10,A,6,6076x1254 rep1,F8
1852,1,10,B,1,9395,parent
31,1,10,B,2,1137x1074 rep1,F8
1576,1,10,B,3,6169,parent
1588,1,10,B,4,6177,parent
1891,1,10,B,5,9433,parent
457,1,10,B,6,6132x6255 rep1,F8
1330,1,10,C,1,175,parent
1162,1,10,C,2,9413x8423 rep1,F8
124,1,10,C,3,5835x9058 rep2,F8
1648,1,10,C,4,6221,parent
394,1,10,C,5,6112x6166 rep1,F8
586,1,10,C,6,6173x9383 rep2,F8
1444,1,10,D,1,6090,parent
637,1,10,D,2,6194x1061 rep1,F8
964,1,10,D,3,8422x6209 rep1,F8
1069,1,10,D,4,9382x6035 rep2,F8
88,1,10,D,5,1552x1158 rep2,F8
463,1,10,D,6,6133x6020 rep1,F8
370,1,10,E,1,6105x5829 rep2,F8
1039,1,10,E,2,9356x6094 rep2,F8
841,1,10,E,3,7519x6111 rep2,F8
1837,1,10,E,4,9388,parent
598,1,10,E,5,6180x1317 rep2,F8
1831,1,10,E,6,9383,parent
781,1,10,F,1,6276x9363 rep2,F8
1477,1,10,F,2,6107,parent
697,1,10,F,3,6217x6126 rep1,F8
415,1,10,F,4,6118x8227 rep2,F8
1345,1,10,F,5,5856,parent
289,1,10,F,6,6073x9476 rep2,F8
1624,1,10,G,1,6202,parent
145,1,10,G,2,6011x6017 rep2,F8
1462,1,10,G,3,6100,parent
1723,1,10,G,4,8237,parent
448,1,10,G,5,6128x9413 rep2,F8
1429,1,10,G,6,6074,parent
1036,1,10,H,1,9356x6094 rep1,F8
160,1,10,H,2,6017x9392 rep1,F8
754,1,10,H,3,6244x6173 rep1,F8
451,1,10,H,4,6131x6113 rep1,F8
301,1,10,H,5,6076x1254 rep2,F8
655,1,10,H,6,6198x6118 rep1,F8
172,1,11,A,1,6020x6030 rep1,F8
1120,1,11,A,2,9402x6169 rep1,F8
1768,1,11,A,3,8387,parent
361,1,11,A,4,6104x6034 rep1,F8
1357,1,11,A,5,6012,parent
832,1,11,A,6,7517x6284 rep1,F8
1804,1,11,B,1,9352,parent
1381,1,11,B,2,6025,parent
1789,1,11,B,3,9323,parent
1057,1,11,B,4,9380x1063 rep2,F8
850,1,11,B,5,8227x6216 rep1,F8
1033,1,11,B,6,9353x6109 rep2,F8
1207,1,11,C,1,9450x9356 rep2,F8
349,1,11,C,2,6098x9451 rep2,F8
58,1,11,C,3,1257x8334 rep2,F8
1435,1,11,C,4,6085,parent
568,1,11,C,5,6169x8230 rep2,F8
304,1,11,C,6,6085x9409 rep1,F8
811,1,11,D,1,6918x9323 rep2,F8
1252,1,11,D,2,9476x991 rep1,F8
1930,1,11,D,3,991,parent
547,1,11,D,4,6163x6111 rep1,F8
802,1,11,D,5,6917x6011 rep1,F8
1192,1,11,D,6,9434x6177 rep1,F8
1480,1,11,E,1,6108,parent
1228,1,11,E,2,9454x1363 rep1,F8
766,1,11,E,3,6255x6136 rep1,F8
283,1,11,E,4,6071x6145 rep1,F8
1468,1,11,E,5,6104,parent
565,1,11,E,6,6169x8230 rep1,F8
1333,1,11,F,1,5829,parent
1354,1,11,F,2,6011,parent
490,1,11,F,3,6137x5867 rep2,F8
1729,1,11,F,4,8241,parent
1141,1,11,F,5,9407x6040 rep2,F8
325,1,11,F,6,6090x9416 rep2,F8
1825,1,11,G,1,9381,parent
751,1,11,G,2,6243x6180 rep2,F8
1231,1,11,G,3,9454x1363 rep2,F8
1132,1,11,G,4,9405x6100 rep1,F8
466,1,11,G,5,6133x6020 rep2,F8
52,1,11,G,6,1254x6076 rep2,F8
1537,1,11,H,1,6137,parent
1240,1,11,H,2,9470x6107 rep1,F8
1372,1,11,H,3,6021,parent
1531,1,11,H,4,6134,parent
1663,1,11,H,5,6241,parent
1603,1,11,H,6,6192,parent
541,1,12,A,1,6154x6221 rep1,F8
526,1,12,A,2,6149x9395 rep2,F8
1135,1,12,A,3,9405x6100 rep2,F8
1822,1,12,A,4,9380,parent
178,1,12,A,5,6021x9407 rep1,F8
1903,1,12,A,6,9451,parent
577,1,12,B,1,6172x6148 rep1,F8
1642,1,12,B,2,6218,parent
1465,1,12,B,3,6102,parent
607,1,12,B,4,6189x6220 rep1,F8
1249,1,12,B,5,9471x9450 rep2,F8
1675,1,12,B,6,6255,parent
460,1,12,C,1,6132x6255 rep2,F8
604,1,12,C,2,6184x6025 rep2,F8
1801,1,12,C,3,9343,parent
910,1,12,C,4,8259x6217 rep1,F8
193,1,12,C,5,6024x6124 rep1,F8
904,1,12,C,6,8258x6115 rep1,F8
406,1,12,D,1,6115x1585 rep1,F8
1369,1,12,D,2,6020,parent
427,1,12,D,3,6125x6099 rep1,F8
595,1,12,D,4,6180x1317 rep1,F8
1816,1,12,D,5,9369,parent
211,1,12,D,6,6034x6231 rep1,F8
1753,1,12,E,1,8334,parent
1564,1,12,E,2,6153,parent
1222,1,12,E,3,9453x6106 rep1,F8
1216,1,12,E,4,9452x6114 rep1,F8
1126,1,12,E,5,9404x9390 rep1,F8
1081,1,12,E,6,9388x9057 rep2,F8
412,1,12,F,1,6118x8227 rep1,F8
940,1,12,F,2,8369x6132 rep1,F8
535,1,12,F,3,6151x9408 rep1,F8
1507,1,12,F,4,6124,parent
1411,1,12,F,5,6046,parent
670,1,12,F,6,6202x9402 rep2,F8
556,1,12,G,1,6163x9405 rep2,F8
244,1,12,G,2,6040x6041 rep2,F8
121,1,12,G,3,5835x9058 rep1,F8
109,1,12,G,4,5830x6085 rep1,F8
862,1,12,G,5,8231x8386 rep1,F8
259,1,12,G,6,6046x6191 rep1,F8
331,1,12,H,1,6092x6125 rep2,F8
1597,1,12,H,2,6189,parent
859,1,12,H,3,8230x6195 rep2,F8
508,1,12,H,4,6142x7517 rep2,F8
679,1,12,H,5,6209x6151 rep1,F8
1099,1,12,H,6,9391x9353 rep2,F8
1366,1,13,A,1,6019,parent
97,1,13,A,2,175x6913 rep1,F8
1600,1,13,A,3,6191,parent
1321,1,13,A,4,1435,parent
46,1,13,A,5,1158x6092 rep2,F8
673,1,13,A,6,6203x9321 rep1,F8
1483,1,13,B,1,6109,parent
1291,1,13,B,2,1063,parent
844,1,13,B,3,8222x6243 rep1,F8
1585,1,13,B,4,6173,parent
1525,1,13,B,5,6132,parent
661,1,13,B,6,6201x9399 rep1,F8
805,1,13,C,1,6917x6011 rep2,F8
1495,1,13,C,2,6114,parent
1540,1,13,C,3,6138,parent
1630,1,13,C,4,6209,parent
1834,1,13,C,5,9386,parent
559,1,13,C,6,6166x7519 rep1,F8
1561,1,13,D,1,6151,parent
913,1,13,D,2,8259x6217 rep2,F8
1744,1,13,D,3,8259,parent
580,1,13,D,4,6172x6148 rep2,F8
1339,1,13,D,5,5831,parent
274,1,13,D,6,6069x9470 rep2,F8
1705,1,13,E,1,7517,parent
676,1,13,E,2,6203x9321 rep2,F8
328,1,13,E,3,6092x6125 rep1,F8
1303,1,13,E,4,1254,parent
208,1,13,E,5,6030x992 rep2,F8
1918,1,13,E,6,9470,parent
1408,1,13,F,1,6043,parent
1234,1,13,F,2,9455x9371 rep1,F8
1042,1,13,F,3,9363x6070 rep1,F8
1441,1,13,F,4,6088,parent
1861,1,13,F,5,9404,parent
1786,1,13,F,6,9321,parent
1315,1,13,G,1,1363,parent
1450,1,13,G,2,6094,parent
1777,1,13,G,3,8426,parent
418,1,13,G,4,6122x6252 rep2,F8
748,1,13,G,5,6243x6180 rep1,F8
694,1,13,G,6,6216x6258 rep2,F8
1492,1,13,H,1,6113,parent
1066,1,13,H,2,9382x6035 rep1,F8
769,1,13,H,3,6255x6136 rep2,F8
1297,1,13,H,4,1137,parent
1762,1,13,H,5,8376,parent
1909,1,13,H,6,9453,parent
772,1,14,A,1,6258x1257 rep1,F8
1660,1,14,A,2,6240,parent
712,1,14,A,3,6220x9339 rep2,F8
967,1,14,B,1,8422x6209 rep2,F8
1288,1,14,B,2,1062,parent
232,1,14,B,3,6038x6039 rep2,F8
142,1,14,C,1,5867x6913 rep2,F8
1138,1,14,C,2,9407x6040 rep1,F8
1048,1,14,C,3,9371x6021 rep1,F8
1327,1,14,D,1,1585,parent
1747,1,14,D,2,8283,parent
709,1,14,D,3,6220x9339 rep1,F8
865,1,14,E,1,8231x8386 rep2,F8
307,1,14,E,2,6085x9409 rep2,F8
1759,1,14,E,3,8369,parent
667,1,14,F,1,6202x9402 rep1,F8
1018,1,14,F,2,9343x8259 rep1,F8
610,1,14,F,3,6189x6220 rep2,F8
1735,1,14,G,1,8247,parent
1714,1,14,G,2,8227,parent
1612,1,14,H,1,6195,parent
1060,1,14,H,2,9381x6198 rep1,F8
365,2,15,A,1,6104x6034 rep2,F8
1268,2,15,A,2,991x6210 rep2,F8
725,2,15,A,3,6237x6090 rep1,F8
1556,2,15,A,4,6149,parent
434,2,15,A,5,6126x6172 rep1,F8
1142,2,15,A,6,9407x6040 rep2,F8
713,2,15,B,1,6220x9339 rep2,F8
929,2,15,B,2,8334x8231 rep1,F8
1601,2,15,B,3,6191,parent
1262,2,15,B,4,9481x9399 rep2,F8
1676,2,15,B,5,6255,parent
1307,2,15,B,6,1257,parent
1058,2,15,C,1,9380x1063 rep2,F8
1721,2,15,C,2,8231,parent
983,2,15,C,3,9057x9382 rep1,F8
1055,2,15,C,4,9380x1063 rep1,F8
404,2,15,C,5,6114x9381 rep2,F8
1367,2,15,C,6,6019,parent
1424,2,15,D,1,6071,parent
869,2,15,D,2,8237x6194 rep1,F8
656,2,15,D,3,6198x6118 rep1,F8
875,2,15,D,4,8240x6036 rep1,F8
794,2,15,D,5,6413x8351 rep2,F8
806,2,15,D,6,6917x6011 rep2,F8
935,2,15,E,1,8351x6150 rep1,F8
791,2,15,E,2,6413x8351 rep1,F8
188,2,15,E,3,6024x1367 rep1,F8
953,2,15,E,4,8386x6241 rep1,F8
320,2,15,E,5,6088x9386 rep2,F8
746,2,15,E,6,6241x1552 rep2,F8
1406,2,15,F,1,6041,parent
275,2,15,F,2,6069x9470 rep2,F8
1250,2,15,F,3,9471x9450 rep2,F8
1088,2,15,F,4,9390x8283 rep2,F8
782,2,15,F,5,6276x9363 rep2,F8
170,2,15,F,6,6019x6012 rep2,F8
1523,2,15,G,1,6131,parent
1157,2,15,G,2,9412x6024 rep1,F8
1754,2,15,G,3,8334,parent
674,2,15,G,4,6203x9321 rep1,F8
797,2,15,G,5,6913x6149 rep1,F8
410,2,15,G,6,6115x1585 rep2,F8
104,2,15,H,1,5829x9336 rep1,F8
1412,2,15,H,2,6046,parent
551,2,15,H,3,6163x6111 rep2,F8
1664,2,15,H,4,6241,parent
1517,2,15,H,5,6127,parent
686,2,15,H,6,6210x6134 rep1,F8
1217,2,16,A,1,9452x6114 rep1,F8
131,2,16,A,2,5856x9452 rep2,F8
890,2,16,A,3,8242x6171 rep2,F8
1925,2,16,A,4,9476,parent
752,2,16,A,5,6243x6180 rep2,F8
587,2,16,A,6,6173x9383 rep2,F8
938,2,16,B,1,8351x6150 rep2,F8
50,2,16,B,2,1254x6076 rep1,F8
1178,2,16,B,3,9421x8256 rep2,F8
1259,2,16,B,4,9481x9399 rep1,F8
341,2,16,B,5,6097x1318 rep1,F8
1739,2,16,B,6,8256,parent
1484,2,16,C,1,6109,parent
659,2,16,C,2,6198x6118 rep2,F8
95,2,16,C,3,1585x9427 rep2,F8
1775,2,16,C,4,8423,parent
1622,2,16,C,5,6201,parent
1253,2,16,C,6,9476x991 rep1,F8
116,2,16,D,1,5831x8237 rep1,F8
359,2,16,D,2,6100x6069 rep2,F8
1619,2,16,D,3,6198,parent
371,2,16,D,4,6105x5829 rep2,F8
1481,2,16,D,5,6108,parent
1886,2,16,D,6,9421,parent
584,2,16,E,1,6173x9383 rep1,F8
140,2,16,E,2,5867x6913 rep1,F8
1595,2,16,E,3,6184,parent
5,2,16,E,4,1002x6038 rep2,F8
137,2,16,E,5,5865x8426 rep2,F8
98,2,16,E,6,175x6913 rep1,F8
1343,2,16,F,1,5835,parent
1382,2,16,F,2,6025,parent
563,2,16,F,3,6166x7519 rep2,F8
617,2,16,F,4,6191x6965 rep2,F8
989,2,16,F,5,9058x6112 rep1,F8
596,2,16,F,6,6180x1317 rep1,F8
803,2,16,G,1,6917x6011 rep1,F8
530,2,16,G,2,6150x6218 rep1,F8
347,2,16,G,3,6098x9451 rep1,F8
1610,2,16,G,4,6194,parent
1352,2,16,G,5,5867,parent
1685,2,16,G,6,6284,parent
281,2,16,H,1,6070x6019 rep2,F8
1361,2,16,H,2,6013,parent
509,2,16,H,3,6142x7517 rep2,F8
1841,2,16,H,4,9390,parent
1475,2,16,H,5,6106,parent
716,2,16,H,6,6221x9455 rep1,F8
257,2,17,A,1,6043x9453 rep2,F8
197,2,17,A,2,6024x6124 rep2,F8
611,2,17,A,3,6189x6220 rep2,F8
437,2,17,A,4,6126x6172 rep2,F8
1007,2,17,A,5,9332x6413 rep1,F8
1688,2,17,A,6,6413,parent
923,2,17,B,1,8307x9481 rep1,F8
1448,2,17,B,2,6092,parent
824,2,17,B,3,6974x6102 rep2,F8
1541,2,17,B,4,6138,parent
302,2,17,B,5,6076x1254 rep2,F8
1232,2,17,B,6,9454x1363 rep2,F8
1631,2,17,C,1,6209,parent
1355,2,17,C,2,6011,parent
749,2,17,C,3,6243x6180 rep1,F8
866,2,17,C,4,8231x8386 rep2,F8
1628,2,17,C,5,6203,parent
1814,2,17,C,6,9363,parent
1112,2,17,D,1,9395x9454 rep2,F8
176,2,17,D,2,6020x6030 rep2,F8
350,2,17,D,3,6098x9451 rep2,F8
1358,2,17,D,4,6012,parent
1184,2,17,D,5,9427x8387 rep2,F8
1643,2,17,D,6,6218,parent
1115,2,17,E,1,9399x6097 rep1,F8
101,2,17,E,2,175x6913 rep2,F8
857,2,17,E,3,8230x6195 rep1,F8
1646,2,17,E,4,6220,parent
1214,2,17,E,5,9451x9437 rep2,F8
1100,2,17,E,6,9391x9353 rep2,F8
1931,2,17,F,1,991,parent
77,2,17,F,2,1367x8256 rep2,F8
1418,2,17,F,3,6069,parent
1826,2,17,F,4,9381,parent
1640,2,17,F,5,6217,parent
1430,2,17,F,6,6074,parent
476,2,17,G,1,6134x6013 rep1,F8
524,2,17,G,2,6149x9395 rep1,F8
1121,2,17,G,3,9402x6169 rep1,F8
1106,2,17,G,4,9392x6073 rep2,F8
1745,2,17,G,5,8259,parent
455,2,17,G,6,6131x6113 rep2,F8
53,2,17,H,1,1254x6076 rep2,F8
1019,2,17,H,2,9343x8259 rep1,F8
1799,2,17,H,3,9339,parent
650,2,17,H,4,6197x6127 rep1,F8
503,2,17,H,5,6140x9388 rep2,F8
1091,2,17,H,6,9391x5867 rep1,F8
1478,2,18,A,1,6107,parent
194,2,18,A,2,6024x6124 rep1,F8
1553,2,18,A,3,6148,parent
41,2,18,A,4,1137x6237 rep2,F8
266,2,18,A,5,6064x9404 rep1,F8
26,2,18,A,6,1063x1435 rep1,F8
1202,2,18,B,1,9437x6197 rep2,F8
740,2,18,B,2,6240x5831 rep2,F8
374,2,18,B,3,6106x6071 rep1,F8
968,2,18,B,4,8422x6209 rep2,F8
956,2,18,B,5,8386x6241 rep2,F8
623,2,18,B,6,6192x1062 rep2,F8
1403,2,18,C,1,6040,parent
1487,2,18,C,2,6111,parent
1838,2,18,C,3,9388,parent
422,2,18,C,4,6124x6184 rep1,F8
1559,2,18,C,5,6150,parent
1277,2,18,C,6,997x8307 rep1,F8
1286,2,18,D,1,1061,parent
1763,2,18,D,2,8376,parent
1730,2,18,D,3,8241,parent
368,2,18,D,4,6105x5829 rep1,F8
860,2,18,D,5,8230x6195 rep2,F8
212,2,18,D,6,6034x6231 rep1,F8
1682,2,18,E,1,6276,parent
800,2,18,E,2,6913x6149 rep2,F8
200,2,18,E,3,6025x6046 rep1,F8
734,2,18,E,4,6238x6105 rep2,F8
872,2,18,E,5,8237x6194 rep2,F8
1310,2,18,E,6,1317,parent
497,2,18,F,1,6138x6122 rep2,F8
1280,2,18,F,2,997x8307 rep2,F8
383,2,18,F,3,6107x6128 rep2,F8
1166,2,18,F,4,9413x8423 rep2,F8
1085,2,18,F,5,9390x8283 rep1,F8
926,2,18,F,6,8307x9481 rep2,F8
1490,2,18,G,1,6112,parent
191,2,18,G,2,6024x1367 rep2,F8
1427,2,18,G,3,6073,parent
845,2,18,G,4,8222x6243 rep1,F8
1919,2,18,G,5,9470,parent
329,2,18,G,6,6092x6125 rep1,F8
1847,2,18,H,1,9392,parent
1295,2,18,H,2,1074,parent
482,2,18,H,3,6136x6064 rep1,F8
1871,2,18,H,4,9408,parent
545,2,18,H,5,6154x6221 rep2,F8
167,2,18,H,6,6019x6012 rep1,F8
1508,2,19,A,1,6124,parent
608,2,19,A,2,6189x6220 rep1,F8
1691,2,19,A,3,6913,parent
812,2,19,A,4,6918x9323 rep2,F8
1784,2,19,A,5,9058,parent
632,2,19,A,6,6193x9394 rep1,F8
305,2,19,B,1,6085x9409 rep1,F8
1865,2,19,B,2,9405,parent
1127,2,19,B,3,9404x9390 rep1,F8
1724,2,19,B,4,8237,parent
1136,2,19,B,5,9405x6100 rep2,F8
68,2,19,B,6,1318x6035 rep1,F8
542,2,19,C,1,6154x6221 rep1,F8
1472,2,19,C,2,6105,parent
761,2,19,C,3,6252x6202 rep1,F8
245,2,19,C,4,6040x6041 rep2,F8
851,2,19,C,5,8227x6216 rep1,F8
227,2,19,C,6,6036x1318 rep2,F8
1046,2,19,D,1,9369x9434 rep1,F8
959,2,19,D,2,8387x6238 rep1,F8
683,2,19,D,3,6209x6151 rep2,F8
80,2,19,D,4,1435x6240 rep1,F8
464,2,19,D,5,6133x6020 rep1,F8
1235,2,19,D,6,9455x9371 rep1,F8
710,2,19,E,1,6220x9339 rep1,F8
1379,2,19,E,2,6024,parent
1097,2,19,E,3,9391x9353 rep1,F8
1565,2,19,E,4,6153,parent
1328,2,19,E,5,1585,parent
758,2,19,E,6,6244x6173 rep2,F8
1349,2,19,F,1,5865,parent
773,2,19,F,2,6258x1257 rep1,F8
689,2,19,F,3,6210x6134 rep2,F8
221,2,19,F,4,6035x9433 rep2,F8
38,2,19,F,5,1137x6237 rep1,F8
512,2,19,F,6,6145x8247 rep1,F8
830,2,19,G,1,6974x6198 rep2,F8
506,2,19,G,2,6142x7517 rep1,F8
1718,2,19,G,3,8230,parent
566,2,19,G,4,6169x8230 rep1,F8
1274,2,19,G,5,992x9332 rep2,F8
62,2,19,G,6,1317x6276 rep1,F8
1421,2,19,H,1,6070,parent
1937,2,19,H,2,997,parent
248,2,19,H,3,6041x6153 rep1,F8
1439,2,19,H,4,6086,parent
1223,2,19,H,5,9453x6106 rep1,F8
1304,2,19,H,6,1254,parent
668,2,20,A,1,6202x9402 rep1,F8
581,2,20,A,2,6172x6148 rep2,F8
134,2,20,A,3,5865x8426 rep1,F8
779,2,20,A,4,6276x9363 rep1,F8
1538,2,20,A,5,6137,parent
533,2,20,A,6,6150x6218 rep2,F8
158,2,20,B,1,6013x8241 rep2,F8
1577,2,20,B,2,6169,parent
764,2,20,B,3,6252x6202 rep2,F8
152,2,20,B,4,6012x997 rep2,F8
44,2,20,B,5,1158x6092 rep1,F8
164,2,20,B,6,6017x9392 rep2,F8
1817,2,20,C,1,9369,parent
1892,2,20,C,2,9433,parent
569,2,20,C,3,6169x8230 rep2,F8
1850,2,20,C,4,9394,parent
521,2,20,C,5,6148x6138 rep2,F8
65,2,20,C,6,1317x6276 rep2,F8
911,2,20,D,1,8259x6217 rep1,F8
299,2,20,D,2,6076x1254 rep1,F8
1586,2,20,D,3,6173,parent
113,2,20,D,4,5830x6085 rep2,F8
1400,2,20,D,5,6039,parent
1067,2,20,D,6,9382x6035 rep1,F8
977,2,20,E,1,8426x6193 rep1,F8
1778,2,20,E,2,8426,parent
1895,2,20,E,3,9434,parent
32,2,20,E,4,1137x1074 rep1,F8
1835,2,20,E,5,9386,parent
1397,2,20,E,6,6038,parent
1130,2,20,F,1,9404x9390 rep2,F8
35,2,20,F,2,1137x1074 rep2,F8
1697,2,20,F,3,6918,parent
344,2,20,F,4,6097x1318 rep2,F8
821,2,20,F,5,6974x6102 rep1,F8
449,2,20,F,6,6128x9413 rep2,F8
629,2,20,G,1,6193x6133 rep2,F8
626,2,20,G,2,6193x6133 rep1,F8
653,2,20,G,3,6197x6127 rep2,F8
230,2,20,G,4,6036x6203 rep1,F8
278,2,20,G,5,6070x6019 rep1,F8
1031,2,20,G,6,9353x6109 rep1,F8
1499,2,20,H,1,6115,parent
980,2,20,H,2,8426x6193 rep2,F8
707,2,20,H,3,6218x6043 rep2,F8
1463,2,20,H,4,6100,parent
1910,2,20,H,5,9453,parent
1877,2,20,H,6,9412,parent
1205,2,21,A,1,9450x9356 rep1,F8
128,2,21,A,2,5856x9452 rep1,F8
1457,2,21,A,3,6098,parent
1904,2,21,A,4,9451,parent
1856,2,21,A,5,9399,parent
1469,2,21,A,6,6104,parent
1502,2,21,B,1,6118,parent
1805,2,21,B,2,9352,parent
1808,2,21,B,3,9353,parent
1208,2,21,B,4,9450x9356 rep2,F8
1415,2,21,B,5,6064,parent
641,2,21,B,6,6194x1061 rep2,F8
1034,2,21,C,1,9353x6109 rep2,F8
1151,2,21,C,2,9409x6104 rep1,F8
557,2,21,C,3,6163x9405 rep2,F8
1160,2,21,C,4,9412x6024 rep2,F8
47,2,21,C,5,1158x6092 rep2,F8
74,2,21,C,6,1367x8256 rep1,F8
1802,2,21,D,1,9343,parent
776,2,21,D,2,6258x1257 rep2,F8
728,2,21,D,3,6237x6090 rep2,F8
146,2,21,D,4,6011x6017 rep2,F8
1148,2,21,D,5,9408x9352 rep2,F8
269,2,21,D,6,6064x9404 rep2,F8
1199,2,21,E,1,9437x6197 rep1,F8
362,2,21,E,2,6104x6034 rep1,F8
1868,2,21,E,3,9407,parent
1325,2,21,E,4,1552,parent
296,2,21,E,5,6074x9421 rep2,F8
896,2,21,E,6,8247x6154 rep2,F8
1364,2,21,F,1,6017,parent
1493,2,21,F,2,6113,parent
452,2,21,F,3,6131x6113 rep1,F8
527,2,21,F,4,6149x9395 rep2,F8
1550,2,21,F,5,6145,parent
1070,2,21,F,6,9382x6035 rep2,F8
836,2,21,G,1,7517x6284 rep2,F8
413,2,21,G,2,6118x8227 rep1,F8
1004,2,21,G,3,9323x8369 rep2,F8
1907,2,21,G,4,9452,parent
1574,2,21,G,5,6166,parent
284,2,21,G,6,6071x6145 rep1,F8
1133,2,21,H,1,9405x6100 rep1,F8
554,2,21,H,2,6163x9405 rep1,F8
1781,2,21,H,3,9057,parent
1037,2,21,H,4,9356x6094 rep1,F8
1331,2,21,H,5,175,parent
515,2,21,H,6,6145x8247 rep2,F8
1322,2,22,A,1,1435,parent
755,2,22,A,2,6244x6173 rep1,F8
1283,2,22,A,3,1002,parent
1226,2,22,A,4,9453x6106 rep2,F8
443,2,22,A,5,6127x6918 rep2,F8
839,2,22,A,6,7519x6111 rep1,F8
1013,2,22,B,1,9336x6220 rep1,F8
575,2,22,B,2,6171x6074 rep2,F8
815,2,22,B,3,6965x9412 rep1,F8
1592,2,22,B,4,6180,parent
209,2,22,B,5,6030x992 rep2,F8
71,2,22,B,6,1318x6035 rep2,F8
1604,2,22,C,1,6192,parent
614,2,22,C,2,6191x6965 rep1,F8
1652,2,22,C,3,6231,parent
500,2,22,C,4,6140x9388 rep1,F8
854,2,22,C,5,8227x6216 rep2,F8
1220,2,22,C,6,9452x6114 rep2,F8
671,2,22,D,1,6202x9402 rep2,F8
1589,2,22,D,2,6177,parent
731,2,22,D,3,6238x6105 rep1,F8
1928,2,22,D,4,9481,parent
995,2,22,D,5,9321x6189 rep1,F8
1583,2,22,D,6,6172,parent
593,2,22,E,1,6177x6023 rep2,F8
1526,2,22,E,2,6132,parent
1535,2,22,E,3,6136,parent
182,2,22,E,4,6021x9407 rep2,F8
1025,2,22,E,5,9352x8422 rep1,F8
92,2,22,E,6,1585x9427 rep1,F8
251,2,22,F,1,6041x6153 rep2,F8
1076,2,22,F,2,9386x6171 rep2,F8
335,2,22,F,3,6094x9369 rep1,F8
1661,2,22,F,4,6240,parent
119,2,22,F,5,5831x8237 rep2,F8
1832,2,22,F,6,9383,parent
1454,2,22,G,1,6097,parent
440,2,22,G,2,6127x6918 rep1,F8
1346,2,22,G,3,5856,parent
1313,2,22,G,4,1318,parent
887,2,22,G,5,8242x6171 rep1,F8
1109,2,22,G,6,9395x9454 rep1,F8
1544,2,22,H,1,6140,parent
311,2,22,H,2,6086x8222 rep1,F8
149,2,22,H,3,6012x997 rep1,F8
842,2,22,H,4,7519x6111 rep2,F8
467,2,22,H,5,6133x6020 rep2,F8
392,2,22,H,6,6109x9343 rep2,F8
1193,2,23,A,1,9434x6177 rep1,F8
494,2,23,A,2,6138x6122 rep1,F8
1529,2,23,A,3,6133,parent
1187,2,23,A,4,9433x6030 rep1,F8
539,2,23,A,5,6151x9408 rep2,F8
698,2,23,A,6,6217x6126 rep1,F8
1124,2,23,B,1,9402x6169 rep2,F8
485,2,23,B,2,6136x6064 rep2,F8
992,2,23,B,3,9058x6112 rep2,F8
1433,2,23,B,4,6076,parent
1316,2,23,B,5,1363,parent
965,2,23,B,6,8422x6209 rep1,F8
1649,2,23,C,1,6221,parent
1298,2,23,C,2,1137,parent
395,2,23,C,3,6112x6166 rep1,F8
314,2,23,C,4,6086x8222 rep2,F8
389,2,23,C,5,6109x9343 rep1,F8
1709,2,23,C,6,7519,parent
1049,2,23,D,1,9371x6021 rep1,F8
1289,2,23,D,2,1062,parent
848,2,23,D,3,8222x6243 rep2,F8
692,2,23,D,4,6216x6258 rep1,F8
560,2,23,D,5,6166x7519 rep1,F8
239,2,23,D,6,6039x5835 rep2,F8
1196,2,23,E,1,9434x6177 rep2,F8
479,2,23,E,2,6134x6013 rep2,F8
1139,2,23,E,3,9407x6040 rep1,F8
425,2,23,E,4,6124x6184 rep2,F8
356,2,23,E,5,6100x6069 rep1,F8
1181,2,23,E,6,9427x8387 rep1,F8
635,2,23,F,1,6193x9394 rep2,F8
743,2,23,F,2,6241x1552 rep1,F8
1247,2,23,F,3,9471x9450 rep1,F8
1163,2,23,F,4,9413x8423 rep1,F8
833,2,23,F,5,7517x6284 rep1,F8
1172,2,23,F,6,9416x6086 rep2,F8
293,2,23,G,1,6074x9421 rep1,F8
398,2,23,G,2,6112x6166 rep2,F8
719,2,23,G,3,6231x6039 rep1,F8
1733,2,23,G,4,8242,parent
161,2,23,G,5,6017x9392 rep1,F8
1061,2,23,G,6,9381x6198 rep1,F8
1229,2,23,H,1,9454x1363 rep1,F8
947,2,23,H,2,8376x6201 rep1,F8
236,2,23,H,3,6039x5835 rep1,F8
308,2,23,H,4,6085x9409 rep2,F8
1241,2,23,H,5,9470x6107 rep1,F8
1442,2,23,H,6,6088,parent
1244,2,24,A,1,9470x6107 rep2,F8
578,2,24,A,2,6172x6148 rep1,F8
272,2,24,A,3,6069x9470 rep1,F8
881,2,24,A,4,8241x1137 rep1,F8
767,2,24,A,5,6255x6136 rep1,F8
1700,2,24,A,6,6965,parent
590,2,24,B,1,6177x6023 rep1,F8
1532,2,24,B,2,6134,parent
1028,2,24,B,3,9352x8422 rep2,F8
86,2,24,B,4,1552x1158 rep1,F8
122,2,24,B,5,5835x9058 rep1,F8
644,2,24,B,6,6195x1074 rep1,F8
419,2,24,C,1,6122x6252 rep2,F8
1916,2,24,C,2,9455,parent
428,2,24,C,3,6125x6099 rep1,F8
518,2,24,C,4,6148x6138 rep1,F8
380,2,24,C,5,6107x6128 rep1,F8
770,2,24,C,6,6255x6136 rep2,F8
1859,2,24,D,1,9402,parent
179,2,24,D,2,6021x9407 rep1,F8
173,2,24,D,3,6020x6030 rep1,F8
662,2,24,D,4,6201x9399 rep1,F8
1769,2,24,D,5,8387,parent
665,2,24,D,6,6201x9399 rep2,F8
89,2,24,E,1,1552x1158 rep2,F8
338,2,24,E,2,6094x9369 rep2,F8
1016,2,24,E,3,9336x6220 rep2,F8
1562,2,24,E,4,6151,parent
1898,2,24,E,5,9437,parent
1103,2,24,E,6,9392x6073 rep1,F8
446,2,24,F,1,6128x9413 rep1,F8
461,2,24,F,2,6132x6255 rep2,F8
788,2,24,F,3,6284x5830 rep2,F8
56,2,24,F,4,1257x8334 rep1,F8
215,2,24,F,5,6034x6231 rep2,F8
1766,2,24,F,6,8386,parent
944,2,24,G,1,8369x6132 rep2,F8
1190,2,24,G,2,9433x6030 rep2,F8
1634,2,24,G,3,6210,parent
974,2,24,G,4,8423x8240 rep2,F8
1901,2,24,G,5,9450,parent
1520,2,24,G,6,6128,parent
704,2,24,H,1,6218x6043 rep1,F8
1811,2,24,H,2,9356,parent
254,2,24,H,3,6043x9453 rep1,F8
1913,2,24,H,4,9454,parent
1934,2,24,H,5,992,parent
701,2,24,H,6,6217x6126 rep2,F8
602,2,25,A,1,6184x6025 rep1,F8
488,2,25,A,2,6137x5867 rep1,F8
827,2,25,A,3,6974x6198 rep1,F8
1796,2,25,A,4,9336,parent
932,2,25,A,5,8334x8231 rep2,F8
1706,2,25,A,6,7517,parent
317,2,25,B,1,6088x9386 rep1,F8
1010,2,25,B,2,9332x6413 rep2,F8
1694,2,25,B,3,6917,parent
1889,2,25,B,4,9427,parent
1742,2,25,B,5,9369x9434_rep2,parent
1547,2,25,B,6,6142,parent
377,2,25,C,1,6106x6071 rep2,F8
548,2,25,C,2,6163x6111 rep1,F8
986,2,25,C,3,9057x9382 rep2,F8
878,2,25,C,4,8240x6036 rep2,F8
1394,2,25,C,5,6036,parent
206,2,25,C,6,6030x992 rep1,F8
1820,2,25,D,1,9371,parent
203,2,25,D,2,6025x6046 rep2,F8
17,2,25,D,3,1061x6131 rep2,F8
263,2,25,D,4,6046x6191 rep2,F8
1094,2,25,D,5,9391x5867 rep2,F8
83,2,25,D,6,1435x6240 rep2,F8
1388,2,25,E,1,6034,parent
1040,2,25,E,2,9356x6094 rep2,F8
620,2,25,E,3,6192x1062 rep1,F8
323,2,25,E,4,6090x9416 rep1,F8
1736,2,25,E,5,8247,parent
1922,2,25,E,6,9471,parent
1880,2,25,F,1,9413,parent
1052,2,25,F,2,9371x6021 rep2,F8
695,2,25,F,3,6216x6258 rep2,F8
1118,2,25,F,4,9399x6097 rep2,F8
1715,2,25,F,5,8227,parent
1655,2,25,F,6,6237,parent
1385,2,25,G,1,6030,parent
971,2,25,G,2,8423x8240 rep1,F8
920,2,25,G,3,8283x9471 rep2,F8
14,2,25,G,4,1061x6131 rep1,F8
1514,2,25,G,5,6126,parent
1505,2,25,G,6,6122,parent
536,2,25,H,1,6151x9408 rep1,F8
818,2,25,H,2,6965x9412 rep2,F8
1271,2,25,H,3,992x9332 rep1,F8
1043,2,25,H,4,9363x6070 rep1,F8
242,2,25,H,5,6040x6041 rep1,F8
884,2,25,H,6,8241x1137 rep2,F8
905,2,26,A,1,8258x6115 rep1,F8
572,2,26,A,2,6171x6074 rep1,F8
1064,2,26,A,3,9381x6198 rep2,F8
1679,2,26,A,4,6258,parent
59,2,26,A,5,1257x8334 rep2,F8
107,2,26,A,6,5829x9336 rep2,F8
1853,2,26,B,1,9395,parent
899,2,26,B,2,8256x8376 rep1,F8
1391,2,26,B,3,6035,parent
893,2,26,B,4,8247x6154 rep1,F8
1340,2,26,B,5,5831,parent
1823,2,26,B,6,9380,parent
224,2,26,C,1,6036x1318 rep1,F8
1625,2,26,C,2,6202,parent
1829,2,26,C,3,9382,parent
401,2,26,C,4,6114x9381 rep1,F8
332,2,26,C,5,6092x6125 rep2,F8
1712,2,26,C,6,8222,parent
125,2,26,D,1,5835x9058 rep2,F8
941,2,26,D,2,8369x6132 rep1,F8
287,2,26,D,3,6071x6145 rep2,F8
1319,2,26,D,4,1367,parent
1445,2,26,D,5,6090,parent
1175,2,26,D,6,9421x8256 rep1,F8
2,2,26,E,1,1002x6038 rep1,F8
1169,2,26,E,2,9416x6086 rep1,F8
1772,2,26,E,3,8422,parent
218,2,26,E,4,6035x9433 rep1,F8
185,2,26,E,5,6023x9380 rep1,F8
902,2,26,E,6,8256x8376 rep2,F8
809,2,26,F,1,6918x9323 rep1,F8
155,2,26,F,2,6013x8241 rep1,F8
863,2,26,F,3,8231x8386 rep1,F8
722,2,26,F,4,6231x6039 rep2,F8
1673,2,26,F,5,6252,parent
1337,2,26,F,6,5830,parent
470,2,26,G,1,6133x6917 rep1,F8
1001,2,26,G,2,9323x8369 rep1,F8
326,2,26,G,3,6090x9416 rep2,F8
407,2,26,G,4,6115x1585 rep1,F8
1862,2,26,G,5,9404,parent
1568,2,26,G,6,6154,parent
1703,2,26,H,1,6974,parent
1154,2,26,H,2,9409x6104 rep2,F8
1265,2,26,H,3,991x6210 rep1,F8
491,2,26,H,4,6137x5867 rep2,F8
260,2,26,H,5,6046x6191 rep1,F8
29,2,26,H,6,1063x1435 rep2,F8
1256,2,27,A,1,9476x991 rep2,F8
1409,2,27,A,2,6043,parent
1844,2,27,A,3,9391,parent
1073,2,27,A,4,9386x6171 rep1,F8
785,2,27,A,5,6284x5830 rep1,F8
1211,2,27,A,6,9451x9437 rep1,F8
1460,2,27,B,1,6099,parent
950,2,27,B,2,8376x6201 rep2,F8
914,2,27,B,3,8259x6217 rep2,F8
1292,2,27,B,4,1063,parent
1451,2,27,B,5,6094,parent
1616,2,27,B,6,6197,parent
458,2,27,C,1,6132x6255 rep1,F8
677,2,27,C,2,6203x9321 rep2,F8
11,2,27,C,3,1002x6244 rep2,F8
638,2,27,C,4,6194x1061 rep1,F8
1667,2,27,C,5,6243,parent
998,2,27,C,6,9321x6189 rep2,F8
1757,2,27,D,1,8351,parent
1466,2,27,D,2,6102,parent
1787,2,27,D,3,9321,parent
1370,2,27,D,4,6020,parent
737,2,27,D,5,6240x5831 rep1,F8
1613,2,27,D,6,6195,parent
143,2,27,E,1,5867x6913 rep2,F8
473,2,27,E,2,6133x6917 rep2,F8
353,2,27,E,3,6099x9394 rep2,F8
1748,2,27,E,4,8283,parent
1082,2,27,E,5,9388x9057 rep2,F8
605,2,27,E,6,6184x6025 rep2,F8
290,2,27,F,1,6073x9476 rep2,F8
1145,2,27,F,2,9408x9352 rep1,F8
110,2,27,F,3,5830x6085 rep1,F8
23,2,27,F,4,1062x6108 rep2,F8
1760,2,27,F,5,8369,parent
1607,2,27,F,6,6193,parent
1637,2,27,G,1,6216,parent
908,2,27,G,2,8258x6115 rep2,F8
233,2,27,G,3,6038x6039 rep2,F8
1373,2,27,G,4,6021,parent
1436,2,27,G,5,6085,parent
1790,2,27,G,6,9323,parent
1079,2,27,H,1,9388x9057 rep1,F8
1727,2,27,H,2,8240,parent
1022,2,27,H,3,9343x8259 rep2,F8
599,2,27,H,4,6180x1317 rep2,F8
8,2,27,H,5,1002x6244 rep1,F8
1496,2,27,H,6,6114,parent
431,2,28,A,1,6125x6099 rep2,F8
1376,2,28,A,2,6023,parent
1334,2,28,A,3,5829,parent
1751,2,28,B,1,8307,parent
1883,2,28,B,2,9416,parent
1580,2,28,B,3,6171,parent
1658,2,28,C,1,6238,parent
1511,2,28,C,2,6125,parent
647,2,28,C,3,6195x1074 rep2,F8
1598,2,28,D,1,6189,parent
1793,2,28,D,2,9332,parent
386,2,28,D,3,6108x6192 rep2,F8
416,2,28,E,1,6118x8227 rep2,F8
1238,2,28,E,2,9455x9371 rep2,F8
962,2,28,E,3,8387x6238 rep2,F8
1571,2,28,F,1,6163,parent
917,2,28,F,2,8283x9471 rep1,F8
1670,2,28,F,3,6244,parent
1874,2,28,G,1,9409,parent
680,2,28,G,2,6209x6151 rep1,F8
1301,2,28,H,1,1158,parent
20,2,28,H,2,1062x6108 rep1,F8
1812,3,29,A,1,9356,parent
165,3,29,A,2,6017x9392 rep2,F8
798,3,29,A,3,6913x6149 rep1,F8
243,3,29,A,4,6040x6041 rep1,F8
45,3,29,A,5,1158x6092 rep1,F8
1029,3,29,A,6,9352x8422 rep2,F8
1929,3,29,B,1,9481,parent
249,3,29,B,2,6041x6153 rep1,F8
852,3,29,B,3,8227x6216 rep1,F8
1191,3,29,B,4,9433x6030 rep2,F8
1149,3,29,B,5,9408x9352 rep2,F8
711,3,29,B,6,6220x9339 rep1,F8
1263,3,29,C,1,9481x9399 rep2,F8
288,3,29,C,2,6071x6145 rep2,F8
504,3,29,C,3,6140x9388 rep2,F8
363,3,29,C,4,6104x6034 rep1,F8
1635,3,29,C,5,6210,parent
420,3,29,C,6,6122x6252 rep2,F8
48,3,29,D,1,1158x6092 rep2,F8
564,3,29,D,2,6166x7519 rep2,F8
381,3,29,D,3,6107x6128 rep1,F8
1641,3,29,D,4,6217,parent
615,3,29,D,5,6191x6965 rep1,F8
726,3,29,D,6,6237x6090 rep1,F8
1110,3,29,E,1,9395x9454 rep1,F8
528,3,29,E,2,6149x9395 rep2,F8
1356,3,29,E,3,6011,parent
1107,3,29,E,4,9392x6073 rep2,F8
84,3,29,E,5,1435x6240 rep2,F8
1632,3,29,E,6,6209,parent
1893,3,29,F,1,9433,parent
1590,3,29,F,2,6177,parent
684,3,29,F,3,6209x6151 rep2,F8
1860,3,29,F,4,9402,parent
96,3,29,F,5,1585x9427 rep2,F8
1500,3,29,F,6,6115,parent
1140,3,29,G,1,9407x6040 rep1,F8
1905,3,29,G,2,9451,parent
921,3,29,G,3,8283x9471 rep2,F8
1695,3,29,G,4,6917,parent
1614,3,29,G,5,6195,parent
1482,3,29,G,6,6108,parent
1857,3,29,H,1,9399,parent
1836,3,29,H,2,9386,parent
1839,3,29,H,3,9388,parent
1872,3,29,H,4,9408,parent
468,3,29,H,5,6133x6020 rep2,F8
951,3,29,H,6,8376x6201 rep2,F8
1239,3,30,A,1,9455x9371 rep2,F8
849,3,30,A,2,8222x6243 rep2,F8
1416,3,30,A,3,6064,parent
1557,3,30,A,4,6149,parent
1542,3,30,A,5,6138,parent
1536,3,30,A,6,6136,parent
549,3,30,B,1,6163x6111 rep1,F8
687,3,30,B,2,6210x6134 rep1,F8
552,3,30,B,3,6163x6111 rep2,F8
576,3,30,B,4,6171x6074 rep2,F8
33,3,30,B,5,1137x1074 rep1,F8
1779,3,30,B,6,8426,parent
585,3,30,C,1,6173x9383 rep1,F8
360,3,30,C,2,6100x6069 rep2,F8
957,3,30,C,3,8386x6241 rep2,F8
156,3,30,C,4,6013x8241 rep1,F8
768,3,30,C,5,6255x6136 rep1,F8
1284,3,30,C,6,1002,parent
1833,3,30,D,1,9383,parent
39,3,30,D,2,1137x6237 rep1,F8
66,3,30,D,3,1317x6276 rep2,F8
747,3,30,D,4,6241x1552 rep2,F8
1560,3,30,D,5,6150,parent
990,3,30,D,6,9058x6112 rep1,F8
1374,3,30,E,1,6021,parent
1299,3,30,E,2,1137,parent
1761,3,30,E,3,8369,parent
960,3,30,E,4,8387x6238 rep1,F8
1083,3,30,E,5,9388x9057 rep2,F8
900,3,30,E,6,8256x8376 rep1,F8
1797,3,30,F,1,9336,parent
1548,3,30,F,2,6142,parent
1503,3,30,F,3,6118,parent
1917,3,30,F,4,9455,parent
570,3,30,F,5,6169x8230 rep2,F8
372,3,30,F,6,6105x5829 rep2,F8
87,3,30,G,1,1552x1158 rep1,F8
1794,3,30,G,2,9332,parent
663,3,30,G,3,6201x9399 rep1,F8
387,3,30,G,4,6108x6192 rep2,F8
1626,3,30,G,5,6202,parent
1488,3,30,G,6,6111,parent
1764,3,30,H,1,8376,parent
1401,3,30,H,2,6039,parent
1344,3,30,H,3,5835,parent
1566,3,30,H,4,6153,parent
1623,3,30,H,5,6201,parent
1515,3,30,H,6,6126,parent
1014,3,31,A,1,9336x6220 rep1,F8
1803,3,31,A,2,9343,parent
207,3,31,A,3,6030x992 rep1,F8
1341,3,31,A,4,5831,parent
1095,3,31,A,5,9391x5867 rep2,F8
561,3,31,A,6,6166x7519 rep1,F8
702,3,31,B,1,6217x6126 rep2,F8
609,3,31,B,2,6189x6220 rep1,F8
1410,3,31,B,3,6043,parent
1563,3,31,B,4,6151,parent
1026,3,31,B,5,9352x8422 rep1,F8
897,3,31,B,6,8247x6154 rep2,F8
1506,3,31,C,1,6122,parent
1281,3,31,C,2,997x8307 rep2,F8
267,3,31,C,3,6064x9404 rep1,F8
1260,3,31,C,4,9481x9399 rep1,F8
60,3,31,C,5,1257x8334 rep2,F8
1395,3,31,C,6,6036,parent
411,3,31,D,1,6115x1585 rep2,F8
198,3,31,D,2,6024x6124 rep2,F8
426,3,31,D,3,6124x6184 rep2,F8
1644,3,31,D,4,6218,parent
1338,3,31,D,5,5830,parent
1017,3,31,D,6,9336x6220 rep2,F8
1176,3,31,E,1,9421x8256 rep1,F8
1680,3,31,E,2,6258,parent
345,3,31,E,3,6097x1318 rep2,F8
723,3,31,E,4,6231x6039 rep2,F8
654,3,31,E,5,6197x6127 rep2,F8
42,3,31,E,6,1137x6237 rep2,F8
1071,3,31,F,1,9382x6035 rep2,F8
1089,3,31,F,2,9390x8283 rep2,F8
1914,3,31,F,3,9454,parent
1869,3,31,F,4,9407,parent
1404,3,31,F,5,6040,parent
1740,3,31,F,6,8256,parent
843,3,31,G,1,7519x6111 rep2,F8
444,3,31,G,2,6127x6918 rep2,F8
1233,3,31,G,3,9454x1363 rep2,F8
783,3,31,G,4,6276x9363 rep2,F8
543,3,31,G,5,6154x6221 rep1,F8
507,3,31,G,6,6142x7517 rep1,F8
102,3,31,H,1,175x6913 rep2,F8
1464,3,31,H,2,6100,parent
1182,3,31,H,3,9427x8387 rep1,F8
1023,3,31,H,4,9343x8259 rep2,F8
1248,3,31,H,5,9471x9450 rep1,F8
408,3,31,H,6,6115x1585 rep1,F8
1473,3,32,A,1,6105,parent
756,3,32,A,2,6244x6173 rep1,F8
1167,3,32,A,3,9413x8423 rep2,F8
1920,3,32,A,4,9470,parent
126,3,32,A,5,5835x9058 rep2,F8
1371,3,32,A,6,6020,parent
213,3,32,B,1,6034x6231 rep1,F8
1275,3,32,B,2,992x9332 rep2,F8
855,3,32,B,3,8227x6216 rep2,F8
1413,3,32,B,4,6046,parent
1785,3,32,B,5,9058,parent
1212,3,32,B,6,9451x9437 rep1,F8
1278,3,32,C,1,997x8307 rep1,F8
1842,3,32,C,2,9390,parent
657,3,32,C,3,6198x6118 rep1,F8
1752,3,32,C,4,8307,parent
1434,3,32,C,5,6076,parent
573,3,32,C,6,6171x6074 rep1,F8
600,3,32,D,1,6180x1317 rep2,F8
1203,3,32,D,2,9437x6197 rep2,F8
795,3,32,D,3,6413x8351 rep2,F8
909,3,32,D,4,8258x6115 rep2,F8
534,3,32,D,5,6150x6218 rep2,F8
1242,3,32,D,6,9470x6107 rep1,F8
789,3,32,E,1,6284x5830 rep2,F8
1251,3,32,E,2,9471x9450 rep2,F8
90,3,32,E,3,1552x1158 rep2,F8
1458,3,32,E,4,6098,parent
624,3,32,E,5,6192x1062 rep2,F8
159,3,32,E,6,6013x8241 rep2,F8
69,3,32,F,1,1318x6035 rep1,F8
1431,3,32,F,2,6074,parent
279,3,32,F,3,6070x6019 rep1,F8
978,3,32,F,4,8426x6193 rep1,F8
669,3,32,F,5,6202x9402 rep1,F8
1524,3,32,F,6,6131,parent
513,3,32,G,1,6145x8247 rep1,F8
1437,3,32,G,2,6085,parent
948,3,32,G,3,8376x6201 rep1,F8
1746,3,32,G,4,8259,parent
1800,3,32,G,5,9339,parent
1269,3,32,G,6,991x6210 rep2,F8
861,3,32,H,1,8230x6195 rep2,F8
1044,3,32,H,2,9363x6070 rep1,F8
1053,3,32,H,3,9371x6021 rep2,F8
480,3,32,H,4,6134x6013 rep2,F8
1386,3,32,H,5,6030,parent
888,3,32,H,6,8242x6171 rep1,F8
1716,3,33,A,1,8227,parent
1656,3,33,A,2,6237,parent
1377,3,33,A,3,6023,parent
1788,3,33,A,4,9321,parent
300,3,33,A,5,6076x1254 rep1,F8
492,3,33,A,6,6137x5867 rep2,F8
825,3,33,B,1,6974x6102 rep2,F8
423,3,33,B,2,6124x6184 rep1,F8
1314,3,33,B,3,1318,parent
717,3,33,B,4,6221x9455 rep1,F8
1359,3,33,B,5,6012,parent
1332,3,33,B,6,175,parent
162,3,33,C,1,6017x9392 rep1,F8
972,3,33,C,2,8423x8240 rep1,F8
612,3,33,C,3,6189x6220 rep2,F8
750,3,33,C,4,6243x6180 rep1,F8
192,3,33,C,5,6024x1367 rep2,F8
3,3,33,C,6,1002x6038 rep1,F8
18,3,33,D,1,1061x6131 rep2,F8
1743,3,33,D,2,9369x9434_rep2,parent
885,3,33,D,3,8241x1137 rep2,F8
1719,3,33,D,4,8230,parent
1392,3,33,D,5,6035,parent
498,3,33,D,6,6138x6122 rep2,F8
741,3,33,E,1,6240x5831 rep2,F8
1353,3,33,E,2,5867,parent
1698,3,33,E,3,6918,parent
1830,3,33,E,4,9382,parent
537,3,33,E,5,6151x9408 rep1,F8
954,3,33,E,6,8386x6241 rep1,F8
1587,3,33,F,1,6173,parent
792,3,33,F,2,6413x8351 rep1,F8
366,3,33,F,3,6104x6034 rep2,F8
123,3,33,F,4,5835x9058 rep1,F8
1179,3,33,F,5,9421x8256 rep2,F8
1425,3,33,F,6,6071,parent
945,3,33,G,1,8369x6132 rep2,F8
303,3,33,G,2,6076x1254 rep2,F8
237,3,33,G,3,6039x5835 rep1,F8
1773,3,33,G,4,8422,parent
6,3,33,G,5,1002x6038 rep2,F8
384,3,33,G,6,6107x6128 rep2,F8
1383,3,33,H,1,6025,parent
354,3,33,H,2,6099x9394 rep2,F8
987,3,33,H,3,9057x9382 rep2,F8
318,3,33,H,4,6088x9386 rep1,F8
819,3,33,H,5,6965x9412 rep2,F8
1062,3,33,H,6,9381x6198 rep1,F8
681,3,34,A,1,6209x6151 rep1,F8
540,3,34,A,2,6151x9408 rep2,F8
1380,3,34,A,3,6024,parent
840,3,34,A,4,7519x6111 rep1,F8
1899,3,34,A,5,9437,parent
936,3,34,A,6,8351x6150 rep1,F8
339,3,34,B,1,6094x9369 rep2,F8
1419,3,34,B,2,6069,parent
1875,3,34,B,3,9409,parent
153,3,34,B,4,6012x997 rep2,F8
765,3,34,B,5,6252x6202 rep2,F8
930,3,34,B,6,8334x8231 rep1,F8
870,3,34,C,1,8237x6194 rep1,F8
27,3,34,C,2,1063x1435 rep1,F8
462,3,34,C,3,6132x6255 rep2,F8
1758,3,34,C,4,8351,parent
1902,3,34,C,5,9450,parent
150,3,34,C,6,6012x997 rep1,F8
111,3,34,D,1,5830x6085 rep1,F8
1710,3,34,D,2,7519,parent
1662,3,34,D,3,6240,parent
1881,3,34,D,4,9413,parent
1911,3,34,D,5,9453,parent
30,3,34,D,6,1063x1435 rep2,F8
438,3,34,E,1,6126x6172 rep2,F8
1143,3,34,E,2,9407x6040 rep2,F8
1296,3,34,E,3,1074,parent
642,3,34,E,4,6194x1061 rep2,F8
231,3,34,E,5,6036x6203 rep1,F8
813,3,34,E,6,6918x9323 rep2,F8
1227,3,34,F,1,9453x6106 rep2,F8
1923,3,34,F,2,9471,parent
1311,3,34,F,3,1317,parent
1158,3,34,F,4,9412x6024 rep1,F8
1725,3,34,F,5,8237,parent
1827,3,34,F,6,9381,parent
1446,3,34,G,1,6090,parent
63,3,34,G,2,1317x6276 rep1,F8
1479,3,34,G,3,6107,parent
876,3,34,G,4,8240x6036 rep1,F8
603,3,34,G,5,6184x6025 rep1,F8
1221,3,34,G,6,9452x6114 rep2,F8
1815,3,34,H,1,9363,parent
1611,3,34,H,2,6194,parent
174,3,34,H,3,6020x6030 rep1,F8
993,3,34,H,4,9058x6112 rep2,F8
1821,3,34,H,5,9371,parent
933,3,34,H,6,8334x8231 rep2,F8
1122,3,35,A,1,9402x6169 rep1,F8
1041,3,35,A,2,9356x6094 rep2,F8
1407,3,35,A,3,6041,parent
1224,3,35,A,4,9453x6106 rep1,F8
1320,3,35,A,5,1367,parent
1050,3,35,A,6,9371x6021 rep1,F8
171,3,35,B,1,6019x6012 rep2,F8
81,3,35,B,2,1435x6240 rep1,F8
129,3,35,B,3,5856x9452 rep1,F8
1365,3,35,B,4,6017,parent
1215,3,35,B,5,9451x9437 rep2,F8
54,3,35,B,6,1254x6076 rep2,F8
195,3,35,C,1,6024x6124 rep1,F8
414,3,35,C,2,6118x8227 rep1,F8
1509,3,35,C,3,6124,parent
1809,3,35,C,4,9353,parent
1104,3,35,C,5,9392x6073 rep1,F8
183,3,35,C,6,6021x9407 rep2,F8
1575,3,35,D,1,6166,parent
24,3,35,D,2,1062x6108 rep2,F8
390,3,35,D,3,6109x9343 rep1,F8
402,3,35,D,4,6114x9381 rep1,F8
1683,3,35,D,5,6276,parent
999,3,35,D,6,9321x6189 rep2,F8
321,3,35,E,1,6088x9386 rep2,F8
1032,3,35,E,2,9353x6109 rep1,F8
525,3,35,E,3,6149x9395 rep1,F8
1305,3,35,E,4,1254,parent
120,3,35,E,5,5831x8237 rep2,F8
1170,3,35,E,6,9416x6086 rep1,F8
1209,3,35,F,1,9450x9356 rep2,F8
324,3,35,F,2,6090x9416 rep1,F8
1551,3,35,F,3,6145,parent
942,3,35,F,4,8369x6132 rep1,F8
1098,3,35,F,5,9391x9353 rep1,F8
1266,3,35,F,6,991x6210 rep1,F8
1080,3,35,G,1,9388x9057 rep1,F8
306,3,35,G,2,6085x9409 rep1,F8
1896,3,35,G,3,9434,parent
351,3,35,G,4,6098x9451 rep2,F8
450,3,35,G,5,6128x9413 rep2,F8
9,3,35,G,6,1002x6244 rep1,F8
1293,3,35,H,1,1063,parent
453,3,35,H,2,6131x6113 rep1,F8
147,3,35,H,3,6011x6017 rep2,F8
1476,3,35,H,4,6106,parent
621,3,35,H,5,6192x1062 rep1,F8
828,3,35,H,6,6974x6198 rep1,F8
1671,3,36,A,1,6244,parent
714,3,36,A,2,6220x9339 rep2,F8
927,3,36,A,3,8307x9481 rep2,F8
252,3,36,A,4,6041x6153 rep2,F8
774,3,36,A,5,6258x1257 rep1,F8
15,3,36,A,6,1061x6131 rep1,F8
807,3,36,B,1,6917x6011 rep2,F8
879,3,36,B,2,8240x6036 rep2,F8
777,3,36,B,3,6258x1257 rep2,F8
219,3,36,B,4,6035x9433 rep1,F8
636,3,36,B,5,6193x9394 rep2,F8
1035,3,36,B,6,9353x6109 rep2,F8
186,3,36,C,1,6023x9380 rep1,F8
705,3,36,C,2,6218x6043 rep1,F8
1347,3,36,C,3,5856,parent
234,3,36,C,4,6038x6039 rep2,F8
456,3,36,C,5,6131x6113 rep2,F8
1605,3,36,C,6,6192,parent
495,3,36,D,1,6138x6122 rep1,F8
591,3,36,D,2,6177x6023 rep1,F8
375,3,36,D,3,6106x6071 rep1,F8
1326,3,36,D,4,1552,parent
1668,3,36,D,5,6243,parent
1707,3,36,D,6,7517,parent
93,3,36,E,1,1585x9427 rep1,F8
1527,3,36,E,2,6132,parent
939,3,36,E,3,8351x6150 rep2,F8
1257,3,36,E,4,9476x991 rep2,F8
1068,3,36,E,5,9382x6035 rep1,F8
1539,3,36,E,6,6137,parent
312,3,36,F,1,6086x8222 rep1,F8
1389,3,36,F,2,6034,parent
1002,3,36,F,3,9323x8369 rep1,F8
261,3,36,F,4,6046x6191 rep1,F8
1848,3,36,F,5,9392,parent
1005,3,36,F,6,9323x8369 rep2,F8
1245,3,36,G,1,9470x6107 rep2,F8
1131,3,36,G,2,9404x9390 rep2,F8
396,3,36,G,3,6112x6166 rep1,F8
1065,3,36,G,4,9381x6198 rep2,F8
393,3,36,G,5,6109x9343 rep2,F8
1236,3,36,G,6,9455x9371 rep1,F8
699,3,36,H,1,6217x6126 rep1,F8
1608,3,36,H,2,6193,parent
459,3,36,H,3,6132x6255 rep1,F8
1452,3,36,H,4,6094,parent
1935,3,36,H,5,992,parent
966,3,36,H,6,8422x6209 rep1,F8
399,3,37,A,1,6112x6166 rep2,F8
216,3,37,A,2,6034x6231 rep2,F8
567,3,37,A,3,6169x8230 rep1,F8
465,3,37,A,4,6133x6020 rep1,F8
675,3,37,A,5,6203x9321 rep1,F8
981,3,37,A,6,8426x6193 rep2,F8
639,3,37,B,1,6194x1061 rep1,F8
1134,3,37,B,2,9405x6100 rep1,F8
1254,3,37,B,3,9476x991 rep1,F8
1047,3,37,B,4,9369x9434 rep1,F8
1851,3,37,B,5,9394,parent
210,3,37,B,6,6030x992 rep2,F8
432,3,37,C,1,6125x6099 rep2,F8
651,3,37,C,2,6197x6127 rep1,F8
1665,3,37,C,3,6241,parent
378,3,37,C,4,6106x6071 rep2,F8
1530,3,37,C,5,6133,parent
915,3,37,C,6,8259x6217 rep2,F8
1545,3,37,D,1,6140,parent
1629,3,37,D,2,6203,parent
1011,3,37,D,3,9332x6413 rep2,F8
708,3,37,D,4,6218x6043 rep2,F8
864,3,37,D,5,8231x8386 rep1,F8
1713,3,37,D,6,8222,parent
738,3,37,E,1,6240x5831 rep1,F8
924,3,37,E,2,8307x9481 rep1,F8
270,3,37,E,3,6064x9404 rep2,F8
330,3,37,E,4,6092x6125 rep1,F8
546,3,37,E,5,6154x6221 rep2,F8
1494,3,37,E,6,6113,parent
1689,3,37,F,1,6413,parent
519,3,37,F,2,6148x6138 rep1,F8
1938,3,37,F,3,997,parent
1884,3,37,F,4,9416,parent
222,3,37,F,5,6035x9433 rep2,F8
834,3,37,F,6,7517x6284 rep1,F8
435,3,37,G,1,6126x6172 rep1,F8
1593,3,37,G,2,6180,parent
1188,3,37,G,3,9433x6030 rep1,F8
1866,3,37,G,4,9405,parent
114,3,37,G,5,5830x6085 rep2,F8
1512,3,37,G,6,6125,parent
1113,3,37,H,1,9395x9454 rep2,F8
1470,3,37,H,2,6104,parent
1272,3,37,H,3,992x9332 rep1,F8
1731,3,37,H,4,8241,parent
1194,3,37,H,5,9434x6177 rep1,F8
1782,3,37,H,6,9057,parent
771,3,38,A,1,6255x6136 rep2,F8
1878,3,38,A,2,9412,parent
804,3,38,A,3,6917x6011 rep1,F8
108,3,38,A,4,5829x9336 rep2,F8
1074,3,38,A,5,9386x6171 rep1,F8
690,3,38,A,6,6210x6134 rep2,F8
1704,3,38,B,1,6974,parent
1638,3,38,B,2,6216,parent
486,3,38,B,3,6136x6064 rep2,F8
1086,3,38,B,4,9390x8283 rep1,F8
177,3,38,B,5,6020x6030 rep2,F8
1119,3,38,B,6,9399x6097 rep2,F8
1497,3,38,C,1,6114,parent
1455,3,38,C,2,6097,parent
1686,3,38,C,3,6284,parent
1647,3,38,C,4,6220,parent
1737,3,38,C,5,8247,parent
1734,3,38,C,6,8242,parent
189,3,38,D,1,6024x1367 rep1,F8
1206,3,38,D,2,9450x9356 rep1,F8
1008,3,38,D,3,9332x6413 rep1,F8
225,3,38,D,4,6036x1318 rep1,F8
810,3,38,D,5,6918x9323 rep1,F8
204,3,38,D,6,6025x6046 rep2,F8
1290,3,38,E,1,1062,parent
1440,3,38,E,2,6086,parent
105,3,38,E,3,5829x9336 rep1,F8
660,3,38,E,4,6198x6118 rep2,F8
1824,3,38,E,5,9380,parent
489,3,38,E,6,6137x5867 rep1,F8
141,3,38,F,1,5867x6913 rep1,F8
1449,3,38,F,2,6092,parent
1164,3,38,F,3,9413x8423 rep1,F8
135,3,38,F,4,5865x8426 rep1,F8
336,3,38,F,5,6094x9369 rep1,F8
891,3,38,F,6,8242x6171 rep2,F8
1059,3,38,G,1,9380x1063 rep2,F8
1317,3,38,G,2,1363,parent
630,3,38,G,3,6193x6133 rep2,F8
780,3,38,G,4,6276x9363 rep1,F8
1161,3,38,G,5,9412x6024 rep2,F8
1092,3,38,G,6,9391x5867 rep1,F8
1521,3,38,H,1,6128,parent
1932,3,38,H,2,991,parent
1863,3,38,H,3,9404,parent
1137,3,38,H,4,9405x6100 rep2,F8
984,3,38,H,5,9057x9382 rep1,F8
357,3,38,H,6,6100x6069 rep1,F8
1362,3,39,A,1,6013,parent
1692,3,39,A,2,6913,parent
1422,3,39,A,3,6070,parent
522,3,39,A,4,6148x6138 rep2,F8
294,3,39,A,5,6074x9421 rep1,F8
735,3,39,A,6,6238x6105 rep2,F8
906,3,39,B,1,8258x6115 rep1,F8
1908,3,39,B,2,9452,parent
1818,3,39,B,3,9369,parent
1776,3,39,B,4,8423,parent
732,3,39,B,5,6238x6105 rep1,F8
246,3,39,B,6,6040x6041 rep2,F8
918,3,39,C,1,8283x9471 rep1,F8
873,3,39,C,2,8237x6194 rep2,F8
555,3,39,C,3,6163x9405 rep1,F8
678,3,39,C,4,6203x9321 rep2,F8
117,3,39,C,5,5831x8237 rep1,F8
273,3,39,C,6,6069x9470 rep1,F8
1617,3,39,D,1,6197,parent
1584,3,39,D,2,6172,parent
666,3,39,D,3,6201x9399 rep2,F8
588,3,39,D,4,6173x9383 rep2,F8
1038,3,39,D,5,9356x6094 rep1,F8
1185,3,39,D,6,9427x8387 rep2,F8
516,3,39,E,1,6145x8247 rep2,F8
1926,3,39,E,2,9476,parent
633,3,39,E,3,6193x9394 rep1,F8
342,3,39,E,4,6097x1318 rep1,F8
57,3,39,E,5,1257x8334 rep1,F8
912,3,39,E,6,8259x6217 rep1,F8
597,3,39,F,1,6180x1317 rep1,F8
483,3,39,F,2,6136x6064 rep1,F8
594,3,39,F,3,6177x6023 rep2,F8
1677,3,39,F,4,6255,parent
51,3,39,F,5,1254x6076 rep1,F8
903,3,39,F,6,8256x8376 rep2,F8
258,3,39,G,1,6043x9453 rep2,F8
894,3,39,G,2,8247x6154 rep1,F8
696,3,39,G,3,6216x6258 rep2,F8
1200,3,39,G,4,9437x6197 rep1,F8
1287,3,39,G,5,1061,parent
1806,3,39,G,6,9352,parent
477,3,39,H,1,6134x6013 rep1,F8
255,3,39,H,2,6043x9453 rep1,F8
531,3,39,H,3,6150x6218 rep1,F8
759,3,39,H,4,6244x6173 rep2,F8
348,3,39,H,5,6098x9451 rep1,F8
510,3,39,H,6,6142x7517 rep2,F8
264,3,40,A,1,6046x6191 rep2,F8
1173,3,40,A,2,9416x6086 rep2,F8
720,3,40,A,3,6231x6039 rep1,F8
1596,3,40,A,4,6184,parent
327,3,40,A,5,6090x9416 rep2,F8
963,3,40,A,6,8387x6238 rep2,F8
1350,3,40,B,1,5865,parent
1770,3,40,B,2,8387,parent
405,3,40,B,3,6114x9381 rep2,F8
627,3,40,B,4,6193x6133 rep1,F8
369,3,40,B,5,6105x5829 rep1,F8
1728,3,40,B,6,8240,parent
582,3,40,C,1,6172x6148 rep2,F8
969,3,40,C,2,8422x6209 rep2,F8
168,3,40,C,3,6019x6012 rep1,F8
240,3,40,C,4,6039x5835 rep2,F8
618,3,40,C,5,6191x6965 rep2,F8
975,3,40,C,6,8423x8240 rep2,F8
693,3,40,D,1,6216x6258 rep1,F8
1491,3,40,D,2,6112,parent
1461,3,40,D,3,6099,parent
1569,3,40,D,4,6154,parent
1197,3,40,D,5,9434x6177 rep2,F8
228,3,40,D,6,6036x1318 rep2,F8
1650,3,40,E,1,6221,parent
1749,3,40,E,2,8283,parent
1674,3,40,E,3,6252,parent
1659,3,40,E,4,6238,parent
36,3,40,E,5,1137x1074 rep2,F8
1323,3,40,E,6,1435,parent
1518,3,40,F,1,6127,parent
816,3,40,F,2,6965x9412 rep1,F8
1443,3,40,F,3,6088,parent
558,3,40,F,4,6163x9405 rep2,F8
138,3,40,F,5,5865x8426 rep2,F8
78,3,40,F,6,1367x8256 rep2,F8
1302,3,40,G,1,1158,parent
1755,3,40,G,2,8334,parent
12,3,40,G,3,1002x6244 rep2,F8
501,3,40,G,4,6140x9388 rep1,F8
1152,3,40,G,5,9409x6104 rep1,F8
672,3,40,G,6,6202x9402 rep2,F8
333,3,40,H,1,6092x6125 rep2,F8
744,3,40,H,2,6241x1552 rep1,F8
309,3,40,H,3,6085x9409 rep2,F8
822,3,40,H,4,6974x6102 rep1,F8
315,3,40,H,5,6086x8222 rep2,F8
1101,3,40,H,6,9391x9353 rep2,F8
831,3,41,A,1,6974x6198 rep2,F8
645,3,41,A,2,6195x1074 rep1,F8
786,3,41,A,3,6284x5830 rep1,F8
762,3,41,A,4,6252x6202 rep1,F8
1368,3,41,A,5,6019,parent
867,3,41,A,6,8231x8386 rep2,F8
1485,3,41,B,1,6109,parent
579,3,41,B,2,6172x6148 rep1,F8
1020,3,41,B,3,9343x8259 rep1,F8
729,3,41,B,4,6237x6090 rep2,F8
132,3,41,B,5,5856x9452 rep2,F8
447,3,41,B,6,6128x9413 rep1,F8
180,3,41,C,1,6021x9407 rep1,F8
1602,3,41,C,2,6191,parent
1056,3,41,C,3,9380x1063 rep1,F8
882,3,41,C,4,8241x1137 rep1,F8
99,3,41,C,5,175x6913 rep1,F8
285,3,41,C,6,6071x6145 rep1,F8
1116,3,41,D,1,9399x6097 rep1,F8
1767,3,41,D,2,8386,parent
1578,3,41,D,3,6169,parent
1398,3,41,D,4,6038,parent
1146,3,41,D,5,9408x9352 rep1,F8
1533,3,41,D,6,6134,parent
1308,3,41,E,1,1257,parent
1722,3,41,E,2,8231,parent
1077,3,41,E,3,9386x6171 rep2,F8
72,3,41,E,4,1318x6035 rep2,F8
474,3,41,E,5,6133x6917 rep2,F8
753,3,41,E,6,6243x6180 rep2,F8
1230,3,41,F,1,9454x1363 rep1,F8
1620,3,41,F,2,6198,parent
1653,3,41,F,3,6231,parent
1887,3,41,F,4,9421,parent
291,3,41,F,5,6073x9476 rep2,F8
858,3,41,F,6,8230x6195 rep1,F8
1128,3,41,G,1,9404x9390 rep1,F8
1890,3,41,G,2,9427,parent
1581,3,41,G,3,6171,parent
606,3,41,G,4,6184x6025 rep2,F8
1467,3,41,G,5,6102,parent
1791,3,41,G,6,9323,parent
837,3,41,H,1,7517x6284 rep2,F8
1854,3,41,H,2,9395,parent
429,3,41,H,3,6125x6099 rep1,F8
1845,3,41,H,4,9391,parent
276,3,41,H,5,6069x9470 rep2,F8
846,3,41,H,6,8222x6243 rep1,F8
471,3,42,A,1,6133x6917 rep1,F8
441,3,42,A,2,6127x6918 rep1,F8
144,3,42,A,3,5867x6913 rep2,F8
1701,3,42,B,1,6965,parent
75,3,42,B,2,1367x8256 rep1,F8
1572,3,42,B,3,6163,parent
297,3,42,C,1,6074x9421 rep2,F8
1329,3,42,C,2,1585,parent
417,3,42,C,3,6118x8227 rep2,F8
801,3,42,D,1,6913x6149 rep2,F8
1599,3,42,D,2,6189,parent
201,3,42,D,3,6025x6046 rep1,F8
996,3,42,E,1,9321x6189 rep1,F8
1428,3,42,E,2,6073,parent
1155,3,42,E,3,9409x6104 rep2,F8
21,3,42,F,1,1062x6108 rep1,F8
282,3,42,F,2,6070x6019 rep2,F8
648,3,42,F,3,6195x1074 rep2,F8
1218,3,42,G,1,9452x6114 rep1,F8
1125,3,42,G,2,9402x6169 rep2,F8
1554,3,42,H,1,6148,parent
1335,3,42,H,2,5829,parent
